Date,Line,Time,Day,Location,Incident,Min Delay,Min Gap,Bound,Vehicle
2021/08/01,510,02:22,Sunday,ADELAIDE AND CHARLOTTE,Emergency Services,0,0,E,8921
2021/08/01,312,04:01,Sunday,ST CLAIR AND LANSDOWNE,Security,77,107,E,8154
2021/08/01,501,05:45,Sunday,QUEEN AND VICTORIA,Emergency Services,0,0,W,3466
2021/08/01,506,06:58,Sunday,GERRARD AND WOODBINE,General Delay,12,22,W,4495
2021/08/01,506,07:33,Sunday,COLLEGE AND SPADINA,General Delay,10,20,W,4560
2021/08/01,510,08:36,Sunday,SPADINA STATION,Operations,3,9,W,0
2021/08/01,511,09:20,Sunday,BATHURST STATION,Operations,9,18,S,4561
2021/08/01,509,09:23,Sunday,LESLIE BARNS,Mechanical,7,13,W,4601
2021/08/01,510,09:57,Sunday,SPADINA STATION,Operations,3,9,W,0
2021/08/01,504,11:22,Sunday,DUNDAS WEST STATION,Operations,5,10,E,0
2021/08/01,501,11:23,Sunday,QUEEN AND JONES AVE,Security,7,14,W,8942
2021/08/01,509,11:28,Sunday,FLEET LOOP,Operations,9,18,W,4588
2021/08/01,504,11:30,Sunday,BROADVIEW STATION,Operations,5,10,W,0
2021/08/01,506,12:42,Sunday,COLLEGE AND SPADINA,Operations,8,16,W,4587
2021/08/01,510,13:17,Sunday,SPADINA AND KING,Operations,7,14,E,4548
2021/08/01,506,14:54,Sunday,COLLEGE AND LANSDOWNE,Operations,8,16,W,4465
2021/08/01,504,14:58,Sunday,DUNDAS WEST STATION,Operations,4,8,E,8107
2021/08/01,512,15:01,Sunday,ST CLAIR AND BATHURST,Operations,8,16,S,4490
2021/08/01,501,15:01,Sunday,QUEENSWAY AND COLBORNE,Emergency Services,4,9,E,8696
2021/08/01,501,16:17,Sunday,QUEEN AND SIMCOE,Emergency Services,5,10,E,8545
2021/08/01,510,17:44,Sunday,SPADINA AND KING,Operations,4,8,W,4548
2021/08/01,505,17:50,Sunday,DUNDAS AND BROADVIEW,Cleaning - Unsanitary,10,24,W,4564
2021/08/01,511,18:02,Sunday,KING AND BATHURST,Operations,8,16,W,4513
2021/08/01,506,18:53,Sunday,COLLEGE AND MCCAUL,Emergency Services,18,26,E,4507
2021/08/01,509,19:24,Sunday,SPADINA AND QUEEN'S QU,Operations,9,19,W,4600
2021/08/01,505,19:55,Sunday,DUNDAS AND BROADVIEW,Operations,9,19,W,4530
2021/08/01,501,20:16,Sunday,LONGBRANCH LOOP,Operations,10,20,,8666
2021/08/01,511,20:37,Sunday,BATHURST AND BRUYERES,Security,6,12,S,4483
2021/08/01,511,21:42,Sunday,BATHURST AND KING,Operations,14,42,E,4560
2021/08/01,509,23:24,Sunday,QUEENS QUAY AND HARBOU,General Delay,10,20,E,4540
2021/08/01,505,00:37,Sunday,DUNDAS WEST STATION,Cleaning - Unsanitary,8,16,E,4595
2021/08/01,504,00:55,Sunday,KING AND CHARLOTTE,Collision - TTC Involved,10,20,E,3331
2021/08/02,506,04:23,Monday,DUNDAS WEST STATION,Emergency Services,0,0,,4415
2021/08/02,505,04:53,Monday,25 MARTIN GOODMAN TRAI,Mechanical,0,9,W,4412
2021/08/02,505,06:22,Monday,RONCY YARD,Operations,12,14,,4498
2021/08/02,501,06:29,Monday,QUEEN AND AUGUSTA,Emergency Services,10,20,W,7979
2021/08/02,505,06:46,Monday,DUNDAS AND LANSDOWNE,Security,10,20,,4467
2021/08/02,512,07:26,Monday,KEELE AND ST CLAIR,Held By,27,38,W,4413
2021/08/02,506,07:55,Monday,GERRARD AND LOGAN,General Delay,8,18,E,4590
2021/08/02,505,12:23,Monday,DUNDAS AND SHERBOURNE,General Delay,92,99,W,4550
2021/08/02,504,12:43,Monday,KING AND RIVER,Utilized Off Route,5,10,W,1089
2021/08/02,501,13:17,Monday,RONCESVALLES AND QUEEN,Security,9,18,E,8730
2021/08/02,510,14:57,Monday,QUEEN'S QUAY AND DUNDA,Operations,8,15,E,4554
2021/08/02,501,15:00,Monday,QUEEN AND SACKVILLE,Mechanical,9,18,E,8096
2021/08/02,512,18:17,Monday,ST CLAIR AND ROBINA,Mechanical,9,18,E,4593
2021/08/02,505,18:23,Monday,DUNDAS AND LANSDOWNE,Cleaning - Unsanitary,7,14,E,4425
2021/08/02,509,18:40,Monday,QUEEN'S QUAY AND SPADI,Operations,7,14,W,4468
2021/08/02,509,19:00,Monday,CNE LOOP,Operations,7,14,W,4552
2021/08/02,509,19:33,Monday,SPADINA AND QUEEN'S QU,General Delay,10,19,E,4453
2021/08/02,505,20:16,Monday,DUNDAS AND SPADINA,General Delay,9,19,W,4467
2021/08/02,509,22:04,Monday,QUEEN'S QUAY AND SPADI,Security,10,20,E,4468
2021/08/02,501,22:22,Monday,QUEENSWAY AND HUMBER,Operations,11,22,E,8429
2021/08/02,504,22:47,Monday,KING AND PORTLAND,Security,14,21,W,4589
2021/08/02,505,23:03,Monday,DUNDAS AND LANSDOWNE,General Delay,17,26,W,4425
2021/08/02,504,23:04,Monday,KING AND PETER,Held By,51,58,W,4521
2021/08/02,504,23:39,Monday,KING AND PARLIAMENT,Mechanical,8,16,W,1054
2021/08/02,505,00:02,Monday,DUNDAS AND OSSINGTON,Cleaning - Unsanitary,10,19,E,4523
2021/08/02,506,00:15,Monday,MAIN STREET STATION,Cleaning - Unsanitary,15,22,W,4404
2021/08/03,501,03:05,Tuesday,QUEEN AND SPADINA,Collision - TTC Involved,30,60,E,8707
2021/08/03,501,03:28,Tuesday,LAKESHORE AND LOUISA,Mechanical,30,60,E,8429
2021/08/03,504,05:36,Tuesday,WILSON GARAGE,Operations,10,20,,8213
2021/08/03,504,06:12,Tuesday,WILSON GARAGE,Operations,10,20,,0
2021/08/03,RAD,06:13,Tuesday,RONCESVALES AND HOWARD,Operations,0,0,N,4487
2021/08/03,506,06:16,Tuesday,HIGH PARK LOOP,Held By,60,68,S,4425
2021/08/03,504,06:49,Tuesday,KING AND BATHURST,Operations,4,8,N,4583
2021/08/03,512,07:08,Tuesday,ST CLAIR STATION,Operations,6,12,W,4602
2021/08/03,504,07:21,Tuesday,WOLSLEY LOOP,Operations,5,10,S,4603
2021/08/03,505,07:40,Tuesday,DUNDAS AND VICTORIA,Operations,8,16,W,4530
2021/08/03,501,08:54,Tuesday,YONGE AND QUEEN,Mechanical,4,7,W,8685
2021/08/03,501,09:15,Tuesday,GERRARD AND MUNRO,Operations,5,9,W,8956
2021/08/03,504,09:49,Tuesday,LAKESHORE AND KNOX,Operations,5,10,W,4581
2021/08/03,501,09:52,Tuesday,GERRARD AND MUNRO,Operations,5,9,W,8588
2021/08/03,501,11:31,Tuesday,GERRARD AND MUNRO,Operations,4,9,W,8490
2021/08/03,501,11:50,Tuesday,GERRARD AND MUNRO,Operations,4,9,W,8964
2021/08/03,511,12:11,Tuesday,BATHURST AND DUNDAS,Operations,7,14,S,4445
2021/08/03,501,12:47,Tuesday,GERRARD AND MUNRO,Operations,4,9,W,8489
2021/08/03,501,13:40,Tuesday,QUEEN AND SHAW,Operations,10,19,E,8497
2021/08/03,506,13:43,Tuesday,CARLTON AND PARLIAMENT,Security,10,18,W,4425
2021/08/03,501,15:22,Tuesday,QUEEN AND BROADVIEW,Operations,8,17,E,9216
2021/08/03,512,15:44,Tuesday,ST CLAIR STATION,Operations,6,12,E,4485
2021/08/03,501,15:46,Tuesday,BROADVIEW AND GERRARD,Operations,8,17,E,8587
2021/08/03,501,16:42,Tuesday,LAKE SHORE AND HILLSID,Emergency Services,9,18,W,8580
2021/08/03,501,16:56,Tuesday,QUEEN AND RONCESVALLES,Operations,8,17,W,8472
2021/08/03,501,17:37,Tuesday,QUEEN AND RONCESVALLES,Operations,9,17,W,8087
2021/08/03,505,17:39,Tuesday,314 PARLIAMENT STREET,Operations,8,16,W,4481
2021/08/03,510,17:53,Tuesday,FLEET LOOP,Emergency Services,6,12,,4545
2021/08/03,509,18:26,Tuesday,BATHURST AND LAKESHORE,Overhead,14,28,S,4536
2021/08/03,512,18:42,Tuesday,ST CLAIR WEST STATION,Operations,6,12,E,4448
2021/08/03,510,18:53,Tuesday,QUEEN'S QUAY AND LOWER,Utilized Off Route,6,12,N,4564
2021/08/03,511,18:59,Tuesday,BATHURST STATION,Cleaning - Unsanitary,8,16,S,4427
2021/08/03,501,19:01,Tuesday,QUEEN AND YONGE,Operations,9,18,E,8683
2021/08/03,511,20:17,Tuesday,LESLIE AND COMMINIONER,Emergency Services,0,0,S,4550
2021/08/03,505,23:14,Tuesday,DUNDAS WEST STN,Emergency Services,14,24,,4481
2021/08/03,506,00:22,Tuesday,GERRARD AND MARJORY,Emergency Services,13,22,E,4415
2021/08/03,505,00:25,Tuesday,DUNDAS WEST STATION,Cleaning - Unsanitary,10,19,E,4404
2021/08/04,501,06:02,Wednesday,MUNRO AND GERRARD,Late Leaving Garage,4,8,,8831
2021/08/04,504,06:49,Wednesday,DUNDAS WEST AND EDNA A,Mechanical,6,12,,8138
2021/08/04,501,07:50,Wednesday,LONGBRANCH LOOP,Mechanical,9,18,E,8098
2021/08/04,504,08:52,Wednesday,KING AND JOE SHUSTER W,Emergency Services,93,98,W,4600
2021/08/04,555,11:52,Wednesday,RONCESVALLES YARD,General Delay,0,0,,4480
2021/08/04,501,13:14,Wednesday,QUEEN AND RONCESVALLES,Operations,10,19,W,8088
2021/08/04,501,13:21,Wednesday,BROADVIEW AND GERRARD,Operations,9,18,E,8935
2021/08/04,501,13:35,Wednesday,BROADVIEW AND GERRARD,Operations,10,20,E,8963
2021/08/04,506,14:09,Wednesday,HOWARD PARK AND RONCES,Operations,8,16,W,4458
2021/08/04,501,14:33,Wednesday,BROADVIEW AND GERRARD,Operations,8,17,W,8404
2021/08/04,501,15:22,Wednesday,BROADVIEW AND GERRARD,Cleaning - Unsanitary,11,15,E,8758
2021/08/04,501,15:31,Wednesday,BROADVIEW AND GERRARD,Operations,9,17,E,8930
2021/08/04,501,15:37,Wednesday,BROADVIEW AND GERRARD,Operations,8,17,E,8416
2021/08/04,501,15:54,Wednesday,LAKE SHORE AND ROYAL Y,Mechanical,8,17,E,8097
2021/08/04,509,16:48,Wednesday,FLEET AND BATHURST,Overhead,8,16,E,4529
2021/08/04,504,17:05,Wednesday,BROADVIEW AND DUNDAS,Operations,4,8,W,1110
2021/08/04,501,17:17,Wednesday,BROADVIEW AND GERRARD,Operations,9,18,W,8751
2021/08/04,501,17:30,Wednesday,BROADVIEW AND GERRARD,Operations,10,20,E,8709
2021/08/04,501,17:43,Wednesday,BROADVIEW AND GERRARD,Operations,10,26,E,8912
2021/08/04,501,17:49,Wednesday,THE QUEENSWAY AND RONC,Operations,8,17,E,8048
2021/08/04,504,17:54,Wednesday,KING AND DUFFERIN,Operations,5,9,E,8173
2021/08/04,510,18:08,Wednesday,SPADINA STATION,Security,24,34,,4533
2021/08/04,501,19:23,Wednesday,BROADVIEW AND GERRARD,Operations,9,19,E,8543
2021/08/04,501,19:23,Wednesday,BROADVIEW AND GERRARD,Operations,9,19,W,8964
2021/08/04,504,19:48,Wednesday,KING AND RONCESVALLES,Operations,7,13,E,8161
2021/08/04,501,21:15,Wednesday,NEVILLE PARK LOOP,Operations,5,10,E,3112
2021/08/04,510,21:58,Wednesday,SPADINA STATION,Cleaning - Unsanitary,9,18,S,4565
2021/08/04,501,22:09,Wednesday,QUEEN AND OSSINGTON,Mechanical,9,18,E,7965
2021/08/04,512,22:42,Wednesday,ST CLAIR AND LANSDOWNE,General Delay,8,16,W,4413
2021/08/04,505,23:06,Wednesday,DUNDAS AND MONTROSE,Collision - TTC Involved,70,80,E,4456
2021/08/05,504,05:16,Thursday,WILSON GARAGE,Operations,10,20,,0
2021/08/05,504,05:36,Thursday,WILSON GARAGE,Operations,10,20,,0
2021/08/05,506,05:58,Thursday,CARLTON ROUTE,Operations,3,11,,4505
2021/08/05,504,07:35,Thursday,QUEEN AND CARROLL,Operations,5,10,E,1203
2021/08/05,504,08:25,Thursday,CHERRY AND FRONT,Mechanical,7,17,N,4499
2021/08/05,506,08:53,Thursday,HOWARD PARK AND RONCES,Operations,8,16,S,4491
2021/08/05,504,09:38,Thursday,200 KING STREET E (KIN,Emergency Services,28,33,,0
2021/08/05,512,10:00,Thursday,ST CLAIR AND OAKWOOD,Cleaning - Unsanitary,6,12,E,4530
2021/08/05,503,10:05,Thursday,KING AND JARVIS,Emergency Services,28,36,E,4462
2021/08/05,512,10:23,Thursday,ST. CLAIR STATION,Operations,6,13,W,4504
2021/08/05,510,12:05,Thursday,SPADINA AND NASSAU,Operations,6,12,S,4452
2021/08/05,511,12:28,Thursday,EXHIBITION LOOP,Operations,7,14,E,4520
2021/08/05,501,13:02,Thursday,QUEEN AND RONCESVALLES,Operations,10,19,N,8091
2021/08/05,501,13:07,Thursday,BROADVIEW AND GERRARD,Operations,10,19,S,8943
2021/08/05,504,13:12,Thursday,PRINCES' GATE,Operations,5,10,N,8209
2021/08/05,504,13:44,Thursday,PRINCES GATE,Operations,5,10,E,8137
2021/08/05,504,13:54,Thursday,KING AND UNIVERSITY,Operations,5,10,E,4414
2021/08/05,506,13:58,Thursday,HOWARD PARK AND RONCES,Operations,8,16,S,4450
2021/08/05,503,14:00,Thursday,KING AND UNIVERSITY,Operations,8,16,W,4693
2021/08/05,501,14:10,Thursday,KING AND BERKLEY,Investigation,8,16,W,4418
2021/08/05,503,14:13,Thursday,KINGSTON AND BEECH,Overhead,191,199,E,4557
2021/08/05,501,14:30,Thursday,QUEEN AND KINGSTON,Overhead,155,163,E,4541
2021/08/05,501,14:41,Thursday,QUEEN AND CONNAUGHT,Operations,9,17,E,4547
2021/08/05,501,14:55,Thursday,BOARDVIEW AND GERRARD,Operations,8,17,W,8938
2021/08/05,505,14:59,Thursday,DUNDAS WEST AND LANSDO,Operations,7,14,E,4444
2021/08/05,501,15:41,Thursday,BROADVIEW AND GERRARD,Operations,8,17,E,8950
2021/08/05,505,17:26,Thursday,GERRARD AND PARLIAMENT,Cleaning - Unsanitary,8,15,S,4475
2021/08/05,511,17:34,Thursday,BATHURST STATION,Operations,7,15,S,4566
2021/08/05,501,17:43,Thursday,LAKESHORE AND KIPLING,Cleaning - Unsanitary,8,17,S,8670
2021/08/05,501,17:51,Thursday,QUEEN AND CONNAGHT,Operations,8,17,E,4527
2021/08/05,501,18:02,Thursday,QUEEN AND CONNAUGHT,Operations,8,17,N,4435
2021/08/05,506,18:06,Thursday,MAIN AND DANFORTH,Held By,222,230,B,4563
2021/08/05,501,18:16,Thursday,BROADVIEW AND GERRARD,Operations,17,28,E,8405
2021/08/05,501,18:23,Thursday,LONG BRANCH LOOP,Operations,9,19,W,9206
2021/08/05,501,18:33,Thursday,QUEENS PARK TO NATHAN,Held By,12,20,,0
2021/08/05,505,21:08,Thursday,DUNDAS AND PARLIAMENT,Cleaning - Unsanitary,9,17,W,4575
2021/08/05,504,21:10,Thursday,KING AND BATHURST,Operations,6,12,W,4451
2021/08/05,510,22:16,Thursday,SPADINA STATION,Diversion,9,18,S,4578
2021/08/05,512,22:41,Thursday,ST CLAIR AND CHRISTIE,Emergency Services,38,46,E,4473
2021/08/05,506,00:18,Thursday,COLLEGE AND DUFFERIN,General Delay,30,40,W,4406
2021/08/05,504,01:39,Thursday,KING AND BERKLEY,Utilized Off Route,8,16,E,1088
2021/08/06,501,05:01,Friday,MUNROW AND GERRARD,Operations,10,20,,0
2021/08/06,506,06:18,Friday,CARLTON ROUTE,Held By,4,8,,4476
2021/08/06,506,07:00,Friday,CARLTON ROUTE,Operations,5,10,,4465
2021/08/06,506,07:13,Friday,CARLTON ROUTE,Operations,4,8,,4575
2021/08/06,501,08:46,Friday,MUNRO AND GERRARD,Late Leaving Garage,10,20,E,8662
2021/08/06,504,08:58,Friday,DUFFERIN AND CASTLEFIE,Operations,4,8,N,8177
2021/08/06,506,09:22,Friday,LANSDOWNE AND DUNDAS,Operations,8,16,W,4467
2021/08/06,505,09:41,Friday,DUNDAS AND RONCESVALLE,Cleaning - Unsanitary,8,17,S,4455
2021/08/06,506,09:47,Friday,GERRARD AND MARJORY,Operations,8,16,W,4587
2021/08/06,510,11:19,Friday,SPADINA STATION,Operations,6,13,S,4438
2021/08/06,506,11:21,Friday,COXWELL AND LOWER GERR,Operations,8,16,W,4486
2021/08/06,506,11:42,Friday,COLLEGE AND ELIZABETH,Emergency Services,48,56,E,4525
2021/08/06,503,12:08,Friday,KINGSTON AND LEE,Operations,8,16,E,4531
2021/08/06,501,12:46,Friday,KING AND DUNN,Mechanical,10,19,E,7920
2021/08/06,504,13:19,Friday,EXHIBITION LOOP,Operations,5,10,N,4508
2021/08/06,504,13:22,Friday,DUFFERIN AND KING,Operations,4,8,W,8327
2021/08/06,501,13:28,Friday,992 VICTORIA PARK,Utilized Off Route,7,14,S,8686
2021/08/06,511,13:34,Friday,BATHURST AND FLEET,Operations,7,14,S,4571
2021/08/06,501,13:48,Friday,557 GERRARD ST E,Operations,10,19,E,8662
2021/08/06,510,13:55,Friday,QUEENS QUAY AND SPADIN,Operations,6,12,S,4559
2021/08/06,504,13:55,Friday,KING AND PARLIAMENT,Operations,5,10,N,4448
2021/08/06,501,13:57,Friday,CHARLOTTE LOOP,Operations,8,12,E,4516
2021/08/06,501,13:57,Friday,QUEEN AND RIVER,Operations,8,12,E,4516
2021/08/06,501,14:02,Friday,QUEEN AND GREENWOOD,Operations,12,20,E,4537
2021/08/06,501,14:06,Friday,HUMBER LOOP,Operations,10,19,W,8572
2021/08/06,501,14:13,Friday,QUEEN AND GREENWOOD,Operations,8,16,E,4409
2021/08/06,501,14:18,Friday,QUEEN AND GREENWOOD,Operations,16,24,E,4570
2021/08/06,512,14:39,Friday,ST CLAIR AND VAUGHAN,Operations,7,14,W,4601
2021/08/06,511,14:52,Friday,BATHURST STATION,Operations,7,14,N,4407
2021/08/06,501,15:04,Friday,BROADVIEW AND GERRARD,Operations,8,17,E,8946
2021/08/06,501,15:09,Friday,BROADVIEW AND GERRARD,Operations,9,17,W,8928
2021/08/06,501,15:18,Friday,GERRARD AND BROADVIEW,Cleaning - Unsanitary,9,17,E,8932
2021/08/06,505,15:51,Friday,GERRARD AND BROADVIEW,Operations,6,13,W,4447
2021/08/06,512,17:06,Friday,LANSDOWNE LOOP,Investigation,6,12,,4495
2021/08/06,501,17:25,Friday,HUMBER LOOP,Mechanical,9,17,W,8943
2021/08/06,510,18:00,Friday,SPADINA AND KING,Operations,11,22,S,4556
2021/08/06,501,18:09,Friday,HUMBER LOOP AND THE QU,Operations,9,17,W,8408
2021/08/06,501,18:32,Friday,QUEEN AND GREENWOOD,Operations,9,18,E,4567
2021/08/06,501,18:39,Friday,LONG BRANCH LOOP,Operations,8,17,W,8616
2021/08/06,501,18:44,Friday,BROADVIEW AND GERRARD,Operations,9,19,W,8518
2021/08/06,501,19:15,Friday,KING AND JOHN,Operations,9,15,E,4527
2021/08/06,504,21:25,Friday,KING AND BERKELEY,Operations,8,16,E,1123
2021/08/06,505,21:38,Friday,BROADVIEW AND DUNDAS,Cleaning - Unsanitary,10,20,W,4496
2021/08/06,504,21:50,Friday,KING AND TRILLER,Mechanical,8,16,E,8213
2021/08/06,511,21:56,Friday,BATHURST AND RICHMOND,Held By,11,20,N,4558
2021/08/06,504,23:00,Friday,DUNDAS WEST STATION,Mechanical,15,30,S,8206
2021/08/06,505,23:20,Friday,DUNDAS AND BAY,Mechanical,19,29,W,4577
2021/08/06,506,00:17,Friday,HIGH PARK LOOP,Security,31,40,E,4587
2021/08/06,511,01:53,Friday,KING AND PORTLAND,Investigation,15,21,E,4433
2021/08/07,506,02:57,Saturday,DUNDAS WEST STATION,Security,30,60,,4563
2021/08/07,510,05:46,Saturday,SPADINA STATION,Operations,8,15,,0
2021/08/07,504,05:55,Saturday,KING AND SPADINA,Security,6,12,E,4569
2021/08/07,501,07:28,Saturday,CHARLOTTE LOOP,General Delay,8,20,E,4414
2021/08/07,501,07:56,Saturday,LONG BRANCH LOOP,Mechanical,9,18,W,7933
2021/08/07,509,07:56,Saturday,ECHIBITION LOOP,Operations,8,16,W,4473
2021/08/07,501,08:38,Saturday,LONG BRANCH LOOP,Mechanical,9,18,E,8033
2021/08/07,506,08:43,Saturday,HIGH PARK LOOP,Operations,10,19,E,4425
2021/08/07,512,09:47,Saturday,ST CLAIR WEST STATION,Operations,5,10,W,4545
2021/08/07,504,10:19,Saturday,KING AND SUMACH,Operations,5,10,W,4496
2021/08/07,504,10:31,Saturday,KING AND SUMACH,Operations,6,12,W,4567
2021/08/07,501,12:07,Saturday,CARLAW AND EASTERN,Investigation,9,18,N,8715
2021/08/07,510,12:07,Saturday,SPADINA AND KING,Operations,7,15,S,4572
2021/08/07,501,12:08,Saturday,UNKNOWN LOCATION,Operations,5,10,W,4409
2021/08/07,512,12:48,Saturday,ST CLAIR AND WINONA,Operations,5,10,E,4535
2021/08/07,506,12:49,Saturday,HOWARD PARK AND RONCES,Operations,8,16,W,4534
2021/08/07,512,12:58,Saturday,ST CLAIR AND VAUGHN,Operations,5,10,W,4531
2021/08/07,501,13:37,Saturday,LAKE SHORE AND KIPLING,Operations,9,18,E,8017
2021/08/07,506,14:19,Saturday,COLLEGE AND BROCK,Operations,8,16,E,4575
2021/08/07,504,15:00,Saturday,KING AND TRILLER,Operations,20,50,E,3250
2021/08/07,510,15:10,Saturday,SPADINA STATION,Operations,4,8,S,4432
2021/08/07,510,15:10,Saturday,SPADINA STATION,Operations,4,8,S,4432
2021/08/07,505,15:25,Saturday,DUNDAS AND BAY,General Delay,12,19,E,4509
2021/08/07,510,16:28,Saturday,SPADINA AND COLLEGE,Operations,7,14,N,4485
2021/08/07,510,16:33,Saturday,UNION STATION,Operations,7,14,N,4559
2021/08/07,501,17:04,Saturday,QUEEN AND WOODFIELD,Operations,8,16,E,4414
2021/08/07,505,17:07,Saturday,HOWARD PARK AND DUNDAS,Operations,6,12,E,4573
2021/08/07,,17:07,Saturday,HOWARD PARK AND DUNDAS,Operations,6,12,E,4573
2021/08/07,510,17:08,Saturday,SPADINA AND DUNDAS,Operations,7,14,S,4579
2021/08/07,506,17:11,Saturday,HOWARD PARK AND RONCES,Operations,9,18,W,4425
2021/08/07,506,17:16,Saturday,BROADVIEW AND GERRARD,Operations,9,18,E,4519
2021/08/07,501,17:16,Saturday,BROADVIEW AND GERRARD,Operations,9,18,W,8568
2021/08/07,506,17:20,Saturday,MAIN STREET STATION,Operations,9,18,W,4466
2021/08/07,501,17:21,Saturday,BROADVIEW AND GERRARD,Operations,9,18,W,9232
2021/08/07,501,17:24,Saturday,BROADVIEW AND GERRARD,Operations,9,18,W,8878
2021/08/07,505,17:26,Saturday,DUNDAS AND VICTORIA,Operations,7,14,W,4555
2021/08/07,501,17:30,Saturday,BROADVIEW AND GERRARD,Mechanical,9,18,W,8046
2021/08/07,501,17:36,Saturday,GERRARD AND ST MATTHEW,Mechanical,9,18,W,8046
2021/08/07,510,17:45,Saturday,SPADINA LOOP,Operations,4,8,N,4415
2021/08/07,505,18:08,Saturday,DUNDAS AND HOWARD PARK,Operations,7,14,E,4405
2021/08/07,505,18:14,Saturday,DUNDAS AND OSSINGTON,Operations,7,14,W,4472
2021/08/07,501,18:25,Saturday,GERRARD AND BROADVIEW,Operations,9,18,W,8929
2021/08/07,512,18:26,Saturday,ST CLAIR AND VAUGHAN,Operations,10,20,E,4557
2021/08/07,505,18:58,Saturday,BROADVIEW AND DUNDAS,Cleaning - Unsanitary,7,14,W,4597
2021/08/07,501,19:16,Saturday,BROADVIEW AND GERRARD,Operations,9,18,E,8496
2021/08/07,501,19:26,Saturday,QUEEN AND WOODFIELD,Operations,8,16,W,4515
2021/08/07,506,20:03,Saturday,UNKNOWN LOCATION,Operations,9,18,E,0
2021/08/07,506,20:07,Saturday,COLLEGE AND LANSDOWNE,Operations,9,18,W,4505
2021/08/07,504,20:12,Saturday,KING AND SUMACH,Operations,8,16,,4462
2021/08/07,501,20:39,Saturday,BROADVIEW AND QUEEN,Operations,8,16,W,4481
2021/08/07,506,21:15,Saturday,NORTHGATE AND RONCESVA,Operations,9,18,,4573
2021/08/07,504,21:37,Saturday,BROADVIEW STATION,Mechanical,6,12,W,1254
2021/08/07,512,22:13,Saturday,ST CLAIR AND CALEDONIA,Held By,93,102,E,4541
2021/08/07,511,00:32,Saturday,BATHURST STATION,Security,9,18,,4568
2021/08/07,504,01:24,Saturday,KING AND BERKELEY,Cleaning - Unsanitary,8,16,E,1358
2021/08/07,504,01:28,Saturday,KING AND SPADINA,Held By,10,16,W,4566
2021/08/07,505,01:29,Saturday,DUNDAS AND JARVIS,Held By,29,38,E,4519
2021/08/08,304,02:55,Sunday,KING AND BATHURST,Security,30,60,E,8360
2021/08/08,501,04:53,Sunday,QUEEN AND GERRARD,Operations,10,20,W,8608
2021/08/08,501,05:47,Sunday,ROYAL YORK AND LAKESHO,Operations,10,20,N,1041
2021/08/08,510,05:51,Sunday,SPADINA AND NASSAU,Security,15,30,,4512
2021/08/08,505,05:53,Sunday,RONCESVALLES AND HOWAR,Operations,9,18,,4505
2021/08/08,512,05:57,Sunday,ST CLAIR STATION,Operations,8,24,W,4412
2021/08/08,510,06:11,Sunday,SPADINA AND CECIL,Investigation,981,991,N,0
2021/08/08,506,06:16,Sunday,BAY AND COLLEGE,Operations,10,20,S,4486
2021/08/08,501,06:41,Sunday,LONGBRANCH STREETCAR L,Investigation,10,20,,8569
2021/08/08,506,07:09,Sunday,RONCESVALLES AND HOWAR,Operations,8,16,E,0
2021/08/08,504,09:22,Sunday,KING AND BERKELEY,Mechanical,6,12,E,1140
2021/08/08,504,10:56,Sunday,KING AND SUMACH,Operations,6,12,W,4522
2021/08/08,505,11:56,Sunday,DUNDAS AND GLADSTONE,Held By,8,15,W,4406
2021/08/08,501,12:06,Sunday,KIPLING AND LAKESHORE,Operations,10,20,E,8921
2021/08/08,511,12:34,Sunday,CNE LOOP,General Delay,7,14,E,4528
2021/08/08,509,13:44,Sunday,QUEEN QUAY AND SPADINA,Investigation,0,0,S,0
2021/08/08,511,13:52,Sunday,BATHURST AND LAKESHORE,Investigation,0,0,,0
2021/08/08,506,13:55,Sunday,COLLEGE AND SPADINA,Emergency Services,286,295,E,4525
2021/08/08,506,13:55,Sunday,COLLEGE AND SPADINA,Emergency Services,9,18,W,4466
2021/08/08,511,14:13,Sunday,BATHURST AND FORT YOR,Operations,0,0,S,4540
2021/08/08,501,14:21,Sunday,QUEEN AND LESLIE,Collision - TTC Involved,16,26,W,4447
2021/08/08,505,14:39,Sunday,SPADINA AND DUNDAS,Security,10,20,W,4502
2021/08/08,510,14:49,Sunday,SPADINA AND COLLEGE,Investigation,305,310,S,0
2021/08/08,510,15:03,Sunday,SPADINA AND DUNDAS,Collision - TTC Involved,10,20,N,4405
2021/08/08,505,15:12,Sunday,DUNDAS AND SPADINA,Collision - TTC Involved,0,0,W,4534
2021/08/08,510,15:18,Sunday,BATHURST AND BLOOR,Collision - TTC Involved,0,0,N,3361
2021/08/08,505,15:42,Sunday,DUNDAS AND PARLIAMENT,Operations,7,14,W,4601
2021/08/08,510,17:43,Sunday,SPADINA AND NASSAU,Operations,4,8,N,4545
2021/08/08,501,18:02,Sunday,QUEEN AND VICTORIA,Investigation,0,0,W,8665
2021/08/08,510,19:05,Sunday,SPADINA AND DUNDAS,Collision - TTC Involved,4,8,W,4485
2021/08/08,506,19:12,Sunday,HOWARD PARK AND RONCES,Operations,55,63,W,4497
2021/08/08,504,20:17,Sunday,CHERRY AND FRONT,Collision - TTC Involved,50,56,N,4546
2021/08/08,501,20:53,Sunday,QUEEM AND PARLIAMENT,Mechanical,9,18,W,8665
2021/08/08,501,21:01,Sunday,QUEENSWAY AND WINDERME,Security,8,16,W,8470
2021/08/08,512,21:25,Sunday,ST CLAIR AND LAUGHTON,Emergency Services,59,73,E,4582
2021/08/08,504,22:56,Sunday,BROADVIEW STATION,Mechanical,8,16,,1201
2021/08/08,506,23:16,Sunday,COLELGE AND DOVERCOURT,Mechanical,12,24,E,3414
2021/08/09,306,03:59,Monday,DUNDAS AND BLOOR,Mechanical,11,22,W,4456
2021/08/09,504,05:08,Monday,DUNDAS WEST STATION,Mechanical,30,60,E,1264
2021/08/09,504,05:10,Monday,KING ROUTE,Operations,7,9,,4526
2021/08/09,504,05:44,Monday,MOUNT DENNIS GARAGE,Mechanical,4,8,,1354
2021/08/09,506,06:54,Monday,COLLEGE AND DUFFERIN,Collision - TTC Involved,58,66,E,4407
2021/08/09,504,07:18,Monday,RONCESVALES YARD,Operations,5,10,,8370
2021/08/09,503,07:24,Monday,KINGSTON ROAD ROUTE,Operations,8,16,,0
2021/08/09,505,07:27,Monday,DUNDAS AND BROADVIEW,Operations,8,16,S,4496
2021/08/09,505,08:18,Monday,DUNDAS ROUTE,Operations,12,22,,0
2021/08/09,504,08:37,Monday,KING AND BAY,Operations,5,10,N,4506
2021/08/09,504,09:18,Monday,DUNDAS WEST STATION,Operations,5,10,W,8145
2021/08/09,506,09:21,Monday,CARLTON AND MORROW,Operations,8,16,N,4587
2021/08/09,512,09:22,Monday,ST CLAIR AND DUFFERIN,Operations,6,12,E,4519
2021/08/09,506,10:39,Monday,HIGH PARK LOOP,Operations,8,16,N,4425
2021/08/09,510,11:25,Monday,SPADINA AND COLLEGE,Operations,6,12,N,4452
2021/08/09,506,11:39,Monday,COLLEGE AND GLADSTONE,Overhead,91,99,W,4536
2021/08/09,512,13:00,Monday,ST CLAIR AND DUFFERIN,Operations,6,12,W,4415
2021/08/09,506,13:22,Monday,GERRARD AND PRUST,Operations,8,16,W,4467
2021/08/09,506,13:24,Monday,CARLTON AND ONTARIO,Operations,16,24,W,4488
2021/08/09,506,13:33,Monday,CARLTON AND CHURCH,Operations,24,32,W,4561
2021/08/09,504,13:54,Monday,KING AND PETER,Operations,5,10,W,4403
2021/08/09,506,14:08,Monday,COLLEGE AND LANSDOWNE,Operations,8,16,W,4560
2021/08/09,501,14:17,Monday,GERRARD AND BROADVIEW,Operations,10,19,E,8859
2021/08/09,511,14:28,Monday,BATHURST AND COLLEGE,Operations,7,14,S,4464
2021/08/09,506,14:36,Monday,GERRARD AND JONES,Operations,8,16,W,4486
2021/08/09,505,14:42,Monday,DUNDAS AND PARLIAMENT,Operations,10,17,W,4436
2021/08/09,512,14:51,Monday,ST CLAIR AND VAUGHAN,Operations,24,33,E,4449
2021/08/09,506,14:57,Monday,LANSDOWNE AND COLLEGE,Operations,8,16,E,447
2021/08/09,501,15:03,Monday,QUEEN AND KINGSTON ROA,Operations,8,16,W,4543
2021/08/09,501,15:12,Monday,GERRARD AND BROADVIEW,Operations,8,17,E,8585
2021/08/09,510,15:18,Monday,QUEEN'S QUAY AND SPADI,Operations,9,18,N,4547
2021/08/09,,15:30,Monday,RONCESVALLES CAR HOUSE,Operations,0,0,,4467
2021/08/09,501,15:38,Monday,GERRARD AND BROADVIEW,Operations,8,17,W,8606
2021/08/09,501,15:38,Monday,GERRARD AND BROADVIEW,Operations,8,17,E,8606
2021/08/09,509,15:54,Monday,EXHIBITION LOOP,Operations,8,16,E,4572
2021/08/09,501,16:05,Monday,BROADVIEW AND GERRARD,Operations,9,17,E,8540
2021/08/09,501,16:25,Monday,QUEEN AND BROADVIEW,Operations,8,16,W,4414
2021/08/09,503,16:43,Monday,QUEEN AND BROADVIEW,Operations,41,49,E,4496
2021/08/09,506,16:44,Monday,COLLEGE AND LANSDOWNE,Operations,9,17,E,4425
2021/08/09,504,16:56,Monday,KING AND SUMACH,Collision - TTC Involved,74,79,E,4557
2021/08/09,503,17:00,Monday,PARLIMENT AND KING,Held By,69,77,E,4564
2021/08/09,505,17:09,Monday,RONCESVALLES YARD,Operations,7,15,W,4453
2021/08/09,509,17:34,Monday,EXHIBITION LOOP,Operations,8,16,E,4528
2021/08/09,501,17:57,Monday,LAKESHORE AND 37TH,Cleaning - Unsanitary,9,17,W,8557
2021/08/09,512,18:32,Monday,ST CLAIR AND VAUGHAN,Operations,7,14,W,4524
2021/08/09,506,18:33,Monday,COLLEGE AND LANSDOWNE,Operations,8,17,E,4490
2021/08/09,512,18:33,Monday,ST CLAIR STATION,Operations,6,12,W,0
2021/08/09,510,18:39,Monday,HUMBER LOOP,Operations,9,17,E,8861
2021/08/09,501,18:49,Monday,GERRARD AND BROADVIEW,Operations,10,19,E,8878
2021/08/09,506,19:06,Monday,COLLEGE AND LANSDOWNE,Operations,9,18,W,4575
2021/08/09,506,19:49,Monday,COLLEGE AND LANSDOWNE,Operations,9,17,W,0
2021/08/09,512,19:52,Monday,OAKWOOD LOOP,Operations,6,12,,4415
2021/08/09,504,20:37,Monday,KING AND JOHN,Mechanical,6,12,E,4507
2021/08/09,501,20:43,Monday,KING AND SPADINA,Held By,9,18,E,4475
2021/08/09,501,21:54,Monday,QUEEN AND SPADINA,General Delay,10,20,E,8766
2021/08/09,504,23:31,Monday,DUFFERIN AND SPRINGHUR,Cleaning - Unsanitary,6,12,W,4585
2021/08/09,506,00:17,Monday,COLLEGE AND ST CLARENS,Collision - TTC Involved,168,188,W,4459
2021/08/09,504,00:54,Monday,DISTILLERY LOOP,Cleaning - Unsanitary,6,12,E,4510
2021/08/09,504,01:36,Monday,BROADVIEW STATION,Cleaning - Unsanitary,8,16,W,1110
2021/08/10,501,02:37,Tuesday,QUEEN AND CONNAUGHT,Emergency Services,34,64,S,4537
2021/08/10,501,03:10,Tuesday,QUEEN AND CONNAUGHT,Held By,34,64,E,4571
2021/08/10,310,03:15,Tuesday,SPADINA STATION,Cleaning - Unsanitary,0,0,S,4438
2021/08/10,301,04:26,Tuesday,BROADVIEW AND GERRARD,Mechanical,30,60,E,8764
2021/08/10,505,05:00,Tuesday,DUNDAS AND LANSDOWNE,Operations,7,14,E,4515
2021/08/10,504,06:10,Tuesday,DAVENPORT AND DUPONT,Operations,5,10,S,1148
2021/08/10,505,08:06,Tuesday,DUNDAS AND DUFFERIN,Cleaning - Unsanitary,8,16,W,4438
2021/08/10,506,09:50,Tuesday,MAIN STREET STATION,Cleaning - Unsanitary,8,16,W,4596
2021/08/10,504,11:20,Tuesday,KING AND SPADINA,Operations,5,10,W,4406
2021/08/10,511,12:00,Tuesday,BATHURST AND COLLEGE,Operations,7,14,S,4511
2021/08/10,504,12:16,Tuesday,BATHURST AND KING,General Delay,14,20,W,4472
2021/08/10,511,12:31,Tuesday,BATHURST AND QUEEN,Operations,7,14,N,4485
2021/08/10,504,13:04,Tuesday,ERINDALE AND BROADVIEW,Mechanical,5,10,W,1101
2021/08/10,506,13:08,Tuesday,COLLEGE AND LANSDOWNE,Operations,8,16,W,4456
2021/08/10,505,13:42,Tuesday,DUNDAS AND VICTORIA,Operations,9,18,E,4519
2021/08/10,501,13:44,Tuesday,QUEEN AND VICTORIA,Operations,10,19,E,8606
2021/08/10,503,13:54,Tuesday,QUEEN AND WOODFIELD,General Delay,8,16,W,4541
2021/08/10,503,14:10,Tuesday,BROADVIEW AND QUEEN,General Delay,8,16,W,4592
2021/08/10,504,14:46,Tuesday,KING AND CHURCH,Investigation,5,10,W,4572
2021/08/10,505,14:55,Tuesday,DUNDAS AND HOWARD PARK,Operations,8,16,E,4587
2021/08/10,504,15:06,Tuesday,RONCESVALLES AND QUEEN,Mechanical,5,10,E,8395
2021/08/10,512,15:30,Tuesday,ST CLAIR AND DUFFERIN,Emergency Services,201,208,E,4530
2021/08/10,506,15:32,Tuesday,COLLEGE AND LANSDOWNE,Operations,8,16,W,4425
2021/08/10,504,15:35,Tuesday,FLEET AND FORT YORK,Mechanical,4,8,W,4585
2021/08/10,504,16:11,Tuesday,UNKNOWN LOCATION,Operations,5,10,E,4406
2021/08/10,501,16:16,Tuesday,BROADVIEW AND GERRARD,Operations,8,17,E,8864
2021/08/10,506,16:29,Tuesday,COLLEGE AND LANSDOWNE,Operations,8,16,W,4486
2021/08/10,501,16:45,Tuesday,BROADVIEW AND GERRARD,Operations,9,17,E,8559
2021/08/10,504,17:07,Tuesday,KING AND SHERBOURNE,Emergency Services,25,10,W,4517
2021/08/10,501,17:15,Tuesday,KING AND SHERBOURNE,Diversion,35,43,W,4516
2021/08/10,503,17:17,Tuesday,SHERBOURNE AND KING,Diversion,33,41,B,4562
2021/08/10,509,17:23,Tuesday,EXHIBITION EAST LOOP,General Delay,8,16,W,4547
2021/08/10,501,17:33,Tuesday,BROADVIEW AND GERRARD,Operations,8,25,E,9203
2021/08/10,501,17:47,Tuesday,BATHURST AND QUEEN,Investigation,0,0,E,8557
2021/08/10,504,18:26,Tuesday,1227 QUEEN,Operations,5,10,W,4401
2021/08/10,501,18:46,Tuesday,HUMBER LOOP,Operations,9,17,W,8596
2021/08/10,501,18:50,Tuesday,BROADVIEW AND GERRARD,Operations,10,19,E,8959
2021/08/10,504,20:55,Tuesday,KING AND SPADINA,Cleaning - Unsanitary,5,11,W,4571
2021/08/10,506,23:01,Tuesday,MAIN STREET STATION,Emergency Services,5,13,,4492
2021/08/10,500,00:03,Tuesday,KING AND BATHURST,Rail/Switches,0,0,W,0
2021/08/10,510,00:45,Tuesday,SPADINA AND RICHMOND,Security,42,51,S,4498
2021/08/11,501,03:16,Wednesday,QUEEN AND RIVER,Overhead,30,60,E,4537
2021/08/11,510,04:48,Wednesday,SPADINA ROUTE,Operations,9,18,,4467
2021/08/11,504,05:08,Wednesday,QUEEN AND PAPE,Mechanical,7,14,W,4538
2021/08/11,503,05:30,Wednesday,KINGSTON RD ROUTE,Operations,8,16,,4509
2021/08/11,504,06:27,Wednesday,BROADVIEW AND DANFORTH,Mechanical,5,10,W,1254
2021/08/11,501,07:08,Wednesday,1401 QUEEN ST E,Operations,8,16,N,4527
2021/08/11,501,07:08,Wednesday,1401 QUEEN ST,Operations,8,16,E,4527
2021/08/11,501,07:08,Wednesday,1434 QUEEN ST E,Operations,8,16,E,4527
2021/08/11,509,07:39,Wednesday,EXHIBITION LOOP,Cleaning - Unsanitary,8,16,E,4519
2021/08/11,510,07:40,Wednesday,CHARLOTTE LOOP,Security,6,12,N,4597
2021/08/11,501,07:51,Wednesday,QUEEN AND STRACHAN,Collision - TTC Involved,5,10,E,8650
2021/08/11,504,08:39,Wednesday,KING AND PETER,Investigation,16,26,E,4595
2021/08/11,501,10:10,Wednesday,LAKE SHORE AND DWIGHT,Collision - TTC Involved,10,20,W,8474
2021/08/11,504,11:36,Wednesday,STRATCHAN AND FLEET,Operations,5,10,W,8125
2021/08/11,501,13:03,Wednesday,QUEEN AND RIVER,Held By,34,42,W,4434
2021/08/11,504,13:19,Wednesday,KING AND BATHURST,Operations,5,10,W,4595
2021/08/11,512,13:50,Wednesday,ST CLAIR WEST STATION,Operations,6,12,W,4572
2021/08/11,503,13:50,Wednesday,KING AND CHURCH,Operations,8,16,W,4578
2021/08/11,501,13:52,Wednesday,NEVILLE PARK LOOP,Mechanical,13,26,E,4521
2021/08/11,504,13:54,Wednesday,CHERRY AND FRONT,Operations,5,10,N,4581
2021/08/11,510,14:23,Wednesday,LESLIE BARNS,Operations,6,12,,0
2021/08/11,504,15:17,Wednesday,BROADVIEW STATION,Operations,5,10,S,8358
2021/08/11,504,16:09,Wednesday,DUFFERIN AND KING,Investigation,0,0,N,8117
2021/08/11,501,16:34,Wednesday,QUEEN AND RONCESVALLES,Operations,8,16,W,8074
2021/08/11,501,16:58,Wednesday,THE QUEENSWAY AND COLB,Emergency Services,8,16,W,8765
2021/08/11,510,16:59,Wednesday,SPADINA AND KING,Operations,5,10,N,4597
2021/08/11,511,17:34,Wednesday,BATHURST STATION,Operations,8,16,S,4427
2021/08/11,504,17:49,Wednesday,DISTILLERY LOOP,Operations,5,10,W,4416
2021/08/11,501,18:08,Wednesday,LAKE SHORE AND MARINE,Operations,8,16,W,8498
2021/08/11,504,18:34,Wednesday,38 MINTO STREET,Operations,4,8,W,4513
2021/08/11,506,19:42,Wednesday,COLLEGE AND LANSDOWNE,Operations,8,16,W,4486
2021/08/11,501,20:25,Wednesday,QUEEN AND VICTORIA,Collision - TTC Involved,9,18,E,7927
2021/08/11,511,20:55,Wednesday,BATHURST AND NASSAU,Security,35,43,S,4590
2021/08/11,505,21:08,Wednesday,COLLEGE AND LANSDOWNE,Operations,9,18,E,4425
2021/08/11,510,21:20,Wednesday,SPADINA AND KING,Held By,75,84,S,4405
2021/08/11,511,21:24,Wednesday,SPADINA AT KING,Operations,9,17,S,4476
2021/08/11,501,22:36,Wednesday,CHARLOTTE LOOP,Cleaning - Unsanitary,9,18,W,4514
2021/08/11,501,23:41,Wednesday,QUEEN AND PETER,Security,7,14,W,8492
2021/08/12,504,06:08,Thursday,KING AND BERKELEY,Mechanical,4,8,N,1357
2021/08/12,512,07:06,Thursday,ST CLAIR AND KEELE,Mechanical,6,12,E,4568
2021/08/12,510,07:30,Thursday,SPADINA BD STATION,Security,18,24,,4550
2021/08/12,510,07:53,Thursday,BLOOR AND SPADINA,Cleaning - Unsanitary,6,12,E,4591
2021/08/12,504,08:53,Thursday,KING AND BAY,Cleaning - Unsanitary,5,10,W,4588
2021/08/12,505,09:15,Thursday,DUNDAS AND PARLIAMENT,Operations,8,16,E,4473
2021/08/12,512,09:26,Thursday,ST CLAIR STATION,Operations,6,12,N,4566
2021/08/12,504,09:44,Thursday,KING AND YONGE,Operations,5,10,W,4576
2021/08/12,503,09:45,Thursday,KING AND YONGE,Cleaning - Unsanitary,1,1,E,4590
2021/08/12,509,11:33,Thursday,QUEEN'S QUAY AND REES,Emergency Services,8,16,,4437
2021/08/12,504,13:04,Thursday,RONCESVALLES AND QUEEN,Operations,6,12,S,8120
2021/08/12,504,13:22,Thursday,DUFFERIN AND KING,Operations,5,10,S,8332
2021/08/12,501,13:45,Thursday,BROADVIEW AND GERRARD,Operations,10,20,E,8540
2021/08/12,504,13:54,Thursday,KING AND PARLIAMENT,Operations,5,10,W,4524
2021/08/12,501,14:09,Thursday,LAKE SHORE AND KIPLING,Held By,0,0,W,1204
2021/08/12,501,14:26,Thursday,BROADVIEW AND GERRARD,Operations,11,22,E,8738
2021/08/12,505,14:31,Thursday,DUNDAS WEST STATION,Mechanical,9,18,N,4536
2021/08/12,501,14:41,Thursday,QUEEN AND WOODFIELD,Operations,8,16,E,4403
2021/08/12,504,14:49,Thursday,BROADVIEW AND QUEEN,Operations,7,14,,0
2021/08/12,512,15:06,Thursday,ST CLAIR AND WYCHWOOD,Operations,6,12,W,4410
2021/08/12,511,15:08,Thursday,BATHURST AND FLEET,Emergency Services,37,44,S,4404
2021/08/12,505,15:24,Thursday,DUNDAS AND SPADINA,Operations,9,18,W,4591
2021/08/12,501,15:44,Thursday,KING AND THRILLER,Collision - TTC Involved,9,17,W,8512
2021/08/12,511,15:56,Thursday,BAY AND KING,Operations,7,14,E,4404
2021/08/12,501,16:10,Thursday,BROADVIEW AND GERRARD,Operations,8,25,E,8879
2021/08/12,501,16:54,Thursday,QUEEN AND GREENWOOD,Operations,8,16,E,4409
2021/08/12,512,17:05,Thursday,ST CLAIR AND BATHURST,Operations,7,14,W,4427
2021/08/12,506,18:25,Thursday,GERRARD AND SUMACH,Operations,8,16,E,4461
2021/08/12,501,18:30,Thursday,KING AND SPENCER,Security,10,17,E,8494
2021/08/12,501,18:46,Thursday,DUFFERIN AND QUEEN,Security,17,26,N,8820
2021/08/12,501,21:04,Thursday,BROADVIEW AND GERRARD,Operations,7,14,E,8923
2021/08/12,504,21:11,Thursday,DUNDAS WEST STATION,Operations,10,20,S,8165
2021/08/12,501,21:59,Thursday,QUEEN AND YONGE,Security,14,24,W,8608
2021/08/12,501,22:33,Thursday,GERRARD AND ST MATHEWS,Operations,10,20,W,8628
2021/08/12,504,23:19,Thursday,KING AND SPADINA,Held By,12,18,W,4434
2021/08/12,501,00:07,Thursday,KING AND PETER,Held By,10,20,E,4537
2021/08/12,501,00:15,Thursday,BROADVIEW AND MOUNT ST,Operations,7,14,E,8863
2021/08/12,509,00:24,Thursday,QUEEN'S QUAY AND YORK,Emergency Services,19,28,E,4436
2021/08/13,512,05:17,Friday,LESLIE CARHOUSE,Mechanical,5,20,W,4585
2021/08/13,501,06:05,Friday,QUEEN ROUTE,Management,8,18,,4514
2021/08/13,501,06:13,Friday,QUEEN ROUTE,Management,16,18,,4516
2021/08/13,501,06:21,Friday,QUEEN ROUTE,Management,5,6,,4594
2021/08/13,504,06:53,Friday,BERKELEY AND KING,Cleaning - Unsanitary,4,8,N,1084
2021/08/13,506,07:00,Friday,CARLTON ROUTE,Management,5,10,,4492
2021/08/13,506,07:13,Friday,CARLTON ROUTE,Management,4,8,,4506
2021/08/13,505,10:57,Friday,DUNDAS AND DUFFERIN,Emergency Services,8,16,E,4461
2021/08/13,501,11:04,Friday,QUEEN AND WOODBINE,Collision - TTC Involved,47,55,W,4475
2021/08/13,501,11:10,Friday,QUEEN AND JONES,Investigation,20,28,E,0
2021/08/13,504,13:04,Friday,KING AND DUFFERIN,Operations,5,10,W,8205
2021/08/13,504,13:08,Friday,DUFFERIN AND KING,Operations,5,10,N,8198
2021/08/13,512,13:16,Friday,ST CLAIR WEST STATION,Operations,6,12,E,4472
2021/08/13,512,13:25,Friday,ST CLAIR WEST STATION,Operations,6,12,E,4464
2021/08/13,511,13:30,Friday,BATHURST AND COLLEGE,Operations,7,14,S,4597
2021/08/13,506,13:49,Friday,COLLEGE AND UNIVERSITY,Operations,9,18,E,4456
2021/08/13,505,13:58,Friday,DUNDAS AND RONCESVALLE,Operations,8,17,W,4541
2021/08/13,506,14:04,Friday,GERRARAD AND MUNROE,Mechanical,12,20,W,4455
2021/08/13,501,14:06,Friday,WINDEMERE AND THE QUEE,Operations,9,16,W,8581
2021/08/13,501,14:11,Friday,QUEEN AND GREENWOOD,Operations,17,25,E,4414
2021/08/13,501,14:19,Friday,KEVIN FINDLAY,Operations,8,17,E,4537
2021/08/13,501,14:28,Friday,UNKNOWN LOCATION,Operations,8,17,E,0
2021/08/13,501,14:45,Friday,GERRARD AND ST MATTHEW,Security,9,19,W,8865
2021/08/13,506,14:54,Friday,COLLEGE AND OSSINGTON,Operations,8,16,W,4455
2021/08/13,511,15:22,Friday,BATHURST STATION,Operations,8,16,N,4485
2021/08/13,503,15:34,Friday,QUEEN AND KINGSTON,General Delay,8,16,E,4519
2021/08/13,501,15:37,Friday,BROADVIEW AND GERRARD,Operations,8,17,E,8954
2021/08/13,509,15:39,Friday,UNION STATION,Operations,8,16,W,4410
2021/08/13,511,15:40,Friday,BATHURST AND KING,Operations,8,16,S,4467
2021/08/13,505,15:43,Friday,DUNDAS AND SHERBORUNE,Collision - TTC Involved,39,48,E,4489
2021/08/13,501,16:01,Friday,BROADVIEW AND GERRARD,Operations,9,17,E,8952
2021/08/13,501,16:28,Friday,QUEEN AND GREENWOOD,Operations,8,17,E,4409
2021/08/13,505,16:37,Friday,DUNDAS AND GEORGE,Security,0,0,E,4425
2021/08/13,510,16:39,Friday,SPADINA AND QUEEN'S QU,Mechanical,6,12,N,4577
2021/08/13,503,16:43,Friday,KINGSTON AND QUEEN,Operations,9,17,W,4548
2021/08/13,503,16:52,Friday,BINGHAM LOOP,Security,37,45,W,4406
2021/08/13,501,17:05,Friday,QUEEN AND RONCESVALLES,Operations,8,17,E,8453
2021/08/13,512,17:25,Friday,GUNNS LOOP,Operations,6,12,W,4451
2021/08/13,501,17:54,Friday,BROADVIEW AND GERRARD,Operations,9,27,E,8854
2021/08/13,501,19:53,Friday,QUEEN AND YONGE,Mechanical,9,19,W,8796
2021/08/13,504,20:10,Friday,DUFFERIN LOOP,Cleaning - Unsanitary,5,10,E,4517
2021/08/13,501,20:33,Friday,DUFFERIN AND KING,Collision - TTC Involved,8,16,N,8706
2021/08/13,505,21:07,Friday,YONGE AND DUNDAS,Mechanical,9,18,E,4416
2021/08/13,510,21:51,Friday,SPADINA AND SUSSEX,Security,9,18,S,4480
2021/08/13,509,21:55,Friday,FLEET AND BATHURST,Mechanical,6,15,E,4578
2021/08/13,506,21:59,Friday,COLLEGE AND BAY,Held By,9,18,E,4492
2021/08/13,501,22:06,Friday,QUEEN AND WOODFIELD,Operations,10,20,E,4521
2021/08/13,501,22:33,Friday,QUEEN AND SPADINA,Operations,7,14,W,8678
2021/08/13,511,22:38,Friday,BATHURST AND FLEET,Security,75,84,N,4477
2021/08/13,509,22:43,Friday,QUEENS QUAY AND BATHUR,Held By,70,79,N,4552
2021/08/13,506,23:34,Friday,GERRARD AND WOODFIELD,Held By,54,63,W,4506
2021/08/13,511,00:02,Friday,BATHURST STATION,Held By,36,45,,0
2021/08/13,504,00:26,Friday,BROADVIEW STATION,Mechanical,8,16,W,1305
2021/08/13,504,01:05,Friday,DUFFERIN LOOP,Mechanical,6,12,E,4503
2021/08/13,301,01:50,Friday,QUEEN AND CHURCH,Security,7,14,E,9202
2021/08/14,506,02:42,Saturday,MAIN STREET STATION,Operations,27,42,W,8211
2021/08/14,506,05:18,Saturday,HOWARD PARK AND RONCES,Operations,7,14,,4433
2021/08/14,506,06:08,Saturday,HOWARD PARK AND RONCES,Mechanical,9,18,S,4433
2021/08/14,509,07:05,Saturday,BATHURST AND FLEET,Operations,10,20,W,4462
2021/08/14,501,08:03,Saturday,BROADVIEW AND QUEEN,General Delay,15,25,S,4409
2021/08/14,504,09:07,Saturday,KING ROUTE,Operations,9,18,,4401
2021/08/14,505,09:48,Saturday,DUNDAS WEST STATION,Operations,8,16,E,4579
2021/08/14,512,09:53,Saturday,ST CLAIR AND LAUGHTON,Operations,5,10,W,4472
2021/08/14,511,09:59,Saturday,BATHURST AND QUEEN,Operations,8,16,S,4416
2021/08/14,512,10:05,Saturday,ST CLAIR AND OLD WESTO,Operations,5,10,E,4404
2021/08/14,510,10:16,Saturday,SPADINA AND QUEEN,Operations,4,8,N,4504
2021/08/14,501,10:32,Saturday,LAKESHORE AND FIFTH,Operations,9,18,E,8920
2021/08/14,506,10:58,Saturday,HOWARD PARK AND RONCES,Operations,7,14,,4473
2021/08/14,504,11:15,Saturday,BROADVIEW STATION,Operations,6,12,S,1085
2021/08/14,501,11:34,Saturday,BROADVIEW AND GERRARD,Operations,8,16,,0
2021/08/14,501,11:34,Saturday,GERRARD AND MATTHEWS,Operations,9,18,W,8400
2021/08/14,511,11:45,Saturday,UNKNOWN LOCATION,Operations,9,14,W,4598
2021/08/14,506,12:22,Saturday,COLLEGE AND LANSDOWNE,Operations,8,16,W,4543
2021/08/14,506,12:26,Saturday,COLLEGE AND LANSDOWNE,Operations,8,16,E,4463
2021/08/14,512,12:59,Saturday,GUNNS LOOP,Operations,5,10,E,4522
2021/08/14,501,13:11,Saturday,BROADVIEW AND QUEEN,Operations,8,16,,0
2021/08/14,510,13:15,Saturday,SPADINA STATION,Operations,9,14,S,4539
2021/08/14,501,13:22,Saturday,QUEEN AND RONCESVALLES,Operations,8,16,,0
2021/08/14,501,13:29,Saturday,QUEEN AND WOODFIELD,Operations,8,16,,0
2021/08/14,501,13:29,Saturday,BROADVIEW AND GERRARD,Operations,8,16,S,8604
2021/08/14,511,13:48,Saturday,BATHURST AND FORT YORK,Collision - TTC Involved,30,38,S,4464
2021/08/14,510,13:54,Saturday,SPADINA AND QUEEN,Operations,5,10,N,4505
2021/08/14,501,13:55,Saturday,RICHMOND AND YONGE,Collision - TTC Involved,8,16,W,8843
2021/08/14,510,13:59,Saturday,UNION STATION,Operations,5,10,S,4469
2021/08/14,506,14:03,Saturday,COLLEGE AND LANSDOWNE,Operations,8,16,W,4561
2021/08/14,501,14:08,Saturday,QUEEN AND OSSINGTON,Utilized Off Route,8,16,E,8428
2021/08/14,506,14:43,Saturday,COLLEGE AND LANSDOWNE,Operations,8,16,W,4456
2021/08/14,504,14:56,Saturday,SUMACH AND KING,Operations,8,17,N,4515
2021/08/14,511,15:01,Saturday,BATHURST AND QUEEN,Mechanical,8,16,N,4526
2021/08/14,501,15:20,Saturday,BROADVIEW AND GERRARD,Operations,16,24,E,8604
2021/08/14,505,15:29,Saturday,DUNDAS AND BATHURST,Operations,6,13,W,4534
2021/08/14,511,15:50,Saturday,BATHURST AND COLLEGE,Operations,6,12,S,4480
2021/08/14,505,16:15,Saturday,DUNDAS AND RONCESVALLE,Cleaning - Unsanitary,7,13,W,4476
2021/08/14,501,16:41,Saturday,BROADVIEW AND GERRARD,Operations,8,16,W,8925
2021/08/14,501,18:25,Saturday,BROADVIEW AND QUEEN,Operations,8,16,W,8541
2021/08/14,501,18:32,Saturday,BROADVIEW AND GERRARD,Operations,8,16,,8642
2021/08/14,512,18:35,Saturday,ST CLAIR AND DUFFERIN,Mechanical,8,15,E,4404
2021/08/14,501,19:30,Saturday,LONG BRANCH LOOP,Operations,8,16,W,7910
2021/08/14,501,19:36,Saturday,QUEEN AND WOODFIELD,Operations,9,18,E,4542
2021/08/14,506,21:41,Saturday,GERRARD AND GREENWOOD,Held By,334,343,E,4465
2021/08/14,510,22:09,Saturday,LESLIE BARNS,Operations,9,18,N,4558
2021/08/14,501,22:14,Saturday,BATHURST AT QUEEN,Collision - TTC Involved,9,18,E,8800
2021/08/14,504,22:40,Saturday,CNE LOOP,Utilized Off Route,5,15,W,8151
2021/08/14,306,00:00,Saturday,GERRARD AND COXWELL,Held By,190,205,W,4560
2021/08/14,501,00:06,Saturday,KING AND CHARLOTTE,Mechanical,10,20,E,4492
2021/08/14,504,01:16,Saturday,KING ST. E. AT SUMACH,Cleaning - Unsanitary,6,12,E,4546
2021/08/14,505,01:41,Saturday,RONCESVALLES AND MARMA,Collision - TTC Involved,0,0,S,4530
2021/08/15,306,02:53,Sunday,COLLEGE AND BATHURST,Diversion,20,40,W,4560
2021/08/15,501,04:20,Sunday,LAKESHORE AND QUEENS A,Held By,81,87,E,8800
2021/08/15,510,04:34,Sunday,LESLIE BARNS,Operations,16,31,W,4529
2021/08/15,506,04:43,Sunday,RONCESVALLES CARHOUSE,Held By,10,20,E,4534
2021/08/15,504,07:49,Sunday,DUNDAS WEST STATION,Mechanical,18,34,E,8164
2021/08/15,504,11:36,Sunday,KING AND SUMACH,Operations,5,11,W,4508
2021/08/15,506,11:45,Sunday,JONES AND GERRARD,Held By,53,61,W,4490
2021/08/15,506,12:26,Sunday,COLLEGE AND BAY,Operations,8,16,E,4553
2021/08/15,511,12:32,Sunday,BATHURST AND NASSAU,Operations,6,12,S,4591
2021/08/15,510,13:25,Sunday,SPADINA AND COLLEGE,Operations,4,8,N,4550
2021/08/15,509,15:22,Sunday,EXHIBITION LOOP,Operations,7,14,E,4481
2021/08/15,512,15:53,Sunday,ST CLAIR STATION,Operations,8,16,E,4598
2021/08/15,501,16:58,Sunday,KING AND BAY,General Delay,0,0,,0
2021/08/15,512,17:53,Sunday,ST CLAIR STATION,Operations,8,16,E,4598
2021/08/15,501,18:19,Sunday,KING AND SHERBOURNE,Collision - TTC Involved,49,57,E,4520
2021/08/15,504,18:45,Sunday,KING AND SHERBOURNE,Held By,51,60,,0
2021/08/15,510,18:47,Sunday,SPADINA STATION,Operations,8,12,S,4498
2021/08/15,510,18:49,Sunday,SPADINA AND KING,Mechanical,5,10,N,4408
2021/08/15,506,19:55,Sunday,RONCESVALLES DIVISION,Operations,8,16,,4457
2021/08/15,506,19:56,Sunday,COLLEGE AND LANSDOWNE,Operations,8,16,,4543
2021/08/15,506,20:12,Sunday,MAIN STREET STATION,Cleaning - Unsanitary,8,16,W,4534
2021/08/15,501,20:39,Sunday,QUEEN AND RONCESVALLES,Operations,9,18,,8028
2021/08/15,506,20:47,Sunday,GERRARD AND BROADVIEW,Held By,126,136,E,4549
2021/08/15,501,20:55,Sunday,QUEEN AND RONCESVALLES,Held By,194,203,E,8510
2021/08/15,509,21:30,Sunday,BAY AND QUEENS QUAY,General Delay,0,0,,0
2021/08/15,504,21:55,Sunday,KING AND BATHURST,Held By,7,13,E,4562
2021/08/15,501,23:01,Sunday,QUEEN AND JOHN,Mechanical,9,18,E,7938
2021/08/15,505,00:01,Sunday,DUNDAS AND GRACE,Security,9,18,E,4509
2021/08/15,505,00:02,Sunday,DUNDAS WEST STATION,Security,24,33,E,4558
2021/08/15,505,00:11,Sunday,DUNDAS AND BATHURST,Held By,10,18,W,4489
2021/08/15,510,00:43,Sunday,UNION STATION,Emergency Services,10,20,,4498
2021/08/16,504,05:56,Monday,DUFFERIN AND SPRINGHUR,Emergency Services,29,35,S,4581
2021/08/16,501,06:21,Monday,RUSSELL CARHOUSE,Operations,8,16,E,0
2021/08/16,503,06:23,Monday,LESLIE BARNS,Operations,8,16,E,4520
2021/08/16,504,06:58,Monday,BROADVIEW STATION,Mechanical,5,10,W,1379
2021/08/16,512,07:25,Monday,ST CLAIR STATION,Operations,6,12,W,0
2021/08/16,511,07:59,Monday,BATHURST AND KING,Operations,7,14,,4477
2021/08/16,504,10:07,Monday,DUNDAS WEST STATION,Mechanical,5,10,N,8198
2021/08/16,510,11:46,Monday,SPADINA STATION,Operations,6,12,S,4586
2021/08/16,506,12:48,Monday,COLLEGE AND PARLIAMENT,Operations,9,18,W,4561
2021/08/16,504,13:40,Monday,MOUNT DENNIS GARAGE,Operations,5,10,,1117
2021/08/16,506,14:00,Monday,LANSDOWNE AND COLLEGE,Operations,8,16,,4587
2021/08/16,506,14:08,Monday,LANSDOWNE AND COLLEGE,Operations,16,32,,4584
2021/08/16,506,14:17,Monday,LANSDOWNE AND COLLEGE,Operations,8,16,,4530
2021/08/16,506,14:22,Monday,LANSDOWNE AND COLLEGE,Operations,8,16,,4596
2021/08/16,505,14:36,Monday,DUNDAS AND LANSDOWNE,Operations,8,16,,4405
2021/08/16,501,14:55,Monday,QUEEN AND BATHURST,Collision - TTC Involved,9,18,W,8018
2021/08/16,512,16:55,Monday,ST CLAIR STATION,Operations,6,12,W,4464
2021/08/16,501,17:03,Monday,QUEEN AND WOODFIELD,Operations,8,16,E,4524
2021/08/16,503,17:06,Monday,QUEEN AND BROADVIEW,Operations,10,20,W,4553
2021/08/16,510,17:07,Monday,SPADINA STATION,Operations,6,12,S,4554
2021/08/16,506,17:10,Monday,MAIN STREET STATION,Cleaning - Unsanitary,8,16,W,4414
2021/08/16,506,17:19,Monday,GERRARD AND WOODFIELD,Security,8,16,W,4558
2021/08/16,510,17:54,Monday,SPADINA STATION,Operations,6,12,S,4549
2021/08/16,504,18:00,Monday,BROADVIEW AND QUEEN,Mechanical,4,8,N,1417
2021/08/16,504,18:24,Monday,BROADVIEW AND DANFORTH,Cleaning - Unsanitary,6,12,N,1305
2021/08/16,512,18:33,Monday,ST CLAIR STATION,Operations,6,12,W,4601
2021/08/16,505,19:03,Monday,DUNDAS AND PARLIAMENT,Operations,8,16,E,4565
2021/08/16,504,19:05,Monday,LESLIE BARNS,Operations,5,10,,4583
2021/08/16,506,19:41,Monday,COLLEGE AND LANSDOWNE,Operations,8,16,E,4495
2021/08/16,505,19:50,Monday,LESLIE AND COMMISIONER,Emergency Services,0,0,S,4503
2021/08/16,501,20:26,Monday,BROADVIEW AND GERRARD,Operations,10,20,,8550
2021/08/16,501,21:24,Monday,QUEEN AND RONESVALLES,Operations,9,18,W,0
2021/08/16,501,21:31,Monday,QUEEN AND RONCESVALLES,Operations,10,20,,8018
2021/08/16,506,22:17,Monday,MAIN STATION,Security,22,30,W,4527
2021/08/16,509,23:00,Monday,FLEET AND BASTION,General Delay,6,18,W,4427
2021/08/17,512,04:56,Tuesday,LESLIE BARNS,Operations,5,11,E,4421
2021/08/17,506,08:21,Tuesday,COLLEGE AND BAY WEST O,Collision - TTC Involved,66,74,E,4463
2021/08/17,504,08:39,Tuesday,KING AND SUDBURY,Operations,4,8,W,8380
2021/08/17,504,09:25,Tuesday,BROADVIEW STATION,Operations,8,10,,1261
2021/08/17,511,10:15,Tuesday,BATHURST AND KING,Cleaning - Unsanitary,7,15,N,4505
2021/08/17,503,10:36,Tuesday,KINGTON AND MAIN ST,General Delay,8,16,E,4469
2021/08/17,503,10:39,Tuesday,QUEEN AND KINGSTON,General Delay,8,16,S,4586
2021/08/17,503,11:24,Tuesday,QUEEN AND WOODFIELD,Mechanical,8,16,E,4564
2021/08/17,506,11:50,Tuesday,COLLEGE AND ST GEORGE,Mechanical,8,15,W,4438
2021/08/17,504,11:52,Tuesday,DUNDAS WEST STATION,Operations,5,10,,8115
2021/08/17,501,11:54,Tuesday,UNIVERSITY BETWEEN QUE,Collision - TTC Involved,10,19,N,9230
2021/08/17,512,12:10,Tuesday,ST CLAIR AND YONGE,Operations,6,12,E,4544
2021/08/17,506,12:20,Tuesday,COLLEGE AND LANSDOWNE,Operations,8,16,,4438
2021/08/17,505,12:30,Tuesday,DUNDAS AND MORROW,Emergency Services,5,16,W,4556
2021/08/17,504,13:00,Tuesday,KING AND BERKELEY,Mechanical,5,10,E,1265
2021/08/17,504,13:04,Tuesday,PRINCES GATE,Operations,4,8,,8346
2021/08/17,505,13:11,Tuesday,PARLIAMENT AND GERRARD,Investigation,6,16,N,4573
2021/08/17,510,13:24,Tuesday,SPADINA STATION,Operations,6,12,,4504
2021/08/17,503,13:35,Tuesday,CHARLOTTE AND OXLEY,Operations,10,20,E,4469
2021/08/17,501,14:19,Tuesday,BROADVIEW AND QUEEN,General Delay,17,25,E,4542
2021/08/17,505,14:25,Tuesday,BROADVIEW AND DUNDAS,Operations,9,18,,4566
2021/08/17,501,14:28,Tuesday,QUEEN AND GREENWOOD,Operations,8,16,,4415
2021/08/17,512,14:48,Tuesday,ST CLAIR AND VAUGHAN,Operations,6,12,,4532
2021/08/17,501,15:01,Tuesday,BROADVIEW AND DUNDAS,Security,9,17,N,8547
2021/08/17,510,15:22,Tuesday,QUEENS QUAY AND SPADIN,Operations,6,12,,4557
2021/08/17,501,15:25,Tuesday,BROADVIEW AND GERRARD,Operations,8,17,,8917
2021/08/17,504,15:37,Tuesday,UNKNOWN LOCATION,Operations,5,10,S,0
2021/08/17,504,15:41,Tuesday,UNKNOWN LOCATION,Operations,5,10,S,0
2021/08/17,501,15:53,Tuesday,BROADVIEW AND GERRARD,Operations,9,17,,8637
2021/08/17,501,15:56,Tuesday,BROADVIEW AND QUEEN,Operations,23,31,W,4545
2021/08/17,505,16:18,Tuesday,LANSDOWNE AND DUNDAS,Operations,8,16,E,4573
2021/08/17,501,17:03,Tuesday,QUEEN AND GREENWOOD,Operations,8,17,,4452
2021/08/17,510,17:07,Tuesday,SPADINA LOOP,Operations,6,12,,4451
2021/08/17,512,18:19,Tuesday,ST CLAIR STATION,Cleaning - Unsanitary,7,14,W,4465
2021/08/17,,18:36,Tuesday,PARLIAMENT AND DUNDAS,Operations,7,14,,4519
2021/08/17,501,18:37,Tuesday,QUEEN AND WOODFIELD,Operations,8,17,,4462
2021/08/17,501,18:40,Tuesday,LONG BRANCH LOOP,Operations,8,17,,8865
2021/08/17,512,18:49,Tuesday,ST CLAIR AND WYNONA,Cleaning - Unsanitary,7,14,E,4465
2021/08/17,504,19:00,Tuesday,KING AND SUMACH,Operations,5,10,,4537
2021/08/17,504,19:05,Tuesday,DISTILLERY LOOP,Operations,5,10,,4582
2021/08/17,506,19:12,Tuesday,UNKNOWN LOCATION,Operations,9,17,,4488
2021/08/17,506,19:42,Tuesday,COLLEGE AND LANSDOWNE,Operations,9,17,,4522
2021/08/17,501,20:05,Tuesday,BROADVIEW AND GERRARD,Operations,9,19,,8542
2021/08/17,510,20:44,Tuesday,SPADINA STATION,Management,7,14,S,4445
2021/08/17,501,20:55,Tuesday,QUEEN AND JARVIS,Security,10,20,E,8943
2021/08/17,504,21:54,Tuesday,SPRINGHURST LOOP,Investigation,9,11,,4590
2021/08/17,504,22:48,Tuesday,DUFFERIN GATE LOOP,Emergency Services,38,44,,4583
2021/08/17,504,22:55,Tuesday,KING AND DUFFERIN,Held By,10,20,W,8210
2021/08/17,500,23:28,Tuesday,RONCESVALLES CARHOUSE,Rail/Switches,0,0,,4479
2021/08/18,512,02:29,Wednesday,DUNDAS AND BATHURST,Emergency Services,0,0,E,4598
2021/08/18,504,06:19,Wednesday,KING AND SACKVILLE,Operations,8,9,S,4595
2021/08/18,506,06:42,Wednesday,HOWARD PARK AND RONCES,Held By,22,30,E,4518
2021/08/18,504,10:35,Wednesday,KING AND WILSON PARK R,Operations,4,8,E,8314
2021/08/18,504,12:16,Wednesday,DUNDAS WEST STATION,Operations,6,12,,8316
2021/08/18,505,12:19,Wednesday,DUNDAS AND SHERBOURNE,Security,8,16,E,4451
2021/08/18,506,12:43,Wednesday,MAIN STREET STATION,Operations,8,16,W,4596
2021/08/18,509,12:45,Wednesday,EXHIBITION LOOP,Operations,8,16,N,4568
2021/08/18,501,13:19,Wednesday,QUEEN AND GREENWOOD,Operations,6,16,E,4401
2021/08/18,512,13:50,Wednesday,ST CLAIR WEST STATION,Operations,6,12,E,4557
2021/08/18,501,14:21,Wednesday,QUEEN AND BATHURST,Security,10,18,W,8441
2021/08/18,501,14:28,Wednesday,QUEEN AND GREENWOOD,Operations,8,16,,4507
2021/08/18,503,14:32,Wednesday,QUEEN AND WOODFIELD,Operations,10,20,,4528
2021/08/18,510,15:22,Wednesday,SPADINA STATION,Operations,6,12,S,4484
2021/08/18,501,15:53,Wednesday,BROADVIEW AND GERRARD,Operations,9,18,E,8642
2021/08/18,501,16:20,Wednesday,HUMBER LOOP,Operations,9,18,W,8768
2021/08/18,510,16:21,Wednesday,SPADINA STATION,Operations,5,10,S,4436
2021/08/18,505,16:47,Wednesday,DUNDAS AND LANSDOWNE,Operations,7,14,,4551
2021/08/18,510,17:07,Wednesday,SPADINA LOOP,Operations,6,12,S,4586
2021/08/18,510,17:22,Wednesday,SPADINA STATION,Cleaning - Unsanitary,6,12,N,4464
2021/08/18,501,17:22,Wednesday,QUEEN AND PETER,Collision - TTC Involved,9,17,W,8802
2021/08/18,501,17:25,Wednesday,QUEEN AND BROADVIEW,Mechanical,8,17,E,4542
2021/08/18,510,17:39,Wednesday,SPADINA STATION,Cleaning - Unsanitary,5,10,N,4486
2021/08/18,501,17:42,Wednesday,QUEEN AND BROADVIEW,Cleaning - Unsanitary,8,17,W,4580
2021/08/18,509,17:42,Wednesday,CNE LOOP,Operations,10,20,,4505
2021/08/18,501,17:56,Wednesday,QUEEN AND RONCESVALLES,Operations,9,17,W,8078
2021/08/18,505,18:00,Wednesday,DUNDAS AND LANSDOWNE,Operations,8,16,W,4515
2021/08/18,501,18:31,Wednesday,LONG BRANCH LOOP,Operations,8,17,S,8558
2021/08/18,501,18:39,Wednesday,QUEEN AND GREENWOOD,Operations,8,17,E,4453
2021/08/18,501,18:40,Wednesday,BROADVIEW AND GERRARD,Operations,10,18,,9220
2021/08/18,501,19:03,Wednesday,HUMBER LOOP,Operations,9,17,W,51571
2021/08/18,506,19:12,Wednesday,COLLEGE AND LANSDOWNE,Operations,9,17,E,4461
2021/08/18,504,19:15,Wednesday,BROADVIEW AND QUEEN,Cleaning - Unsanitary,5,10,W,1358
2021/08/18,505,19:34,Wednesday,DUNDAS AND SPADINA,Held By,33,42,W,4481
2021/08/18,506,19:42,Wednesday,COLLEGE AND LANSDOWNE,Operations,9,17,W,4405
2021/08/18,501,20:22,Wednesday,BROADVIEW AND GERRARD,Operations,9,19,S,8540
2021/08/18,504,23:15,Wednesday,BERKELEY AND KING,Cleaning - Unsanitary,8,16,N,1345
2021/08/19,501,04:01,Thursday,RONCESVALLES AND QUEEN,Operations,11,22,,8835
2021/08/19,501,05:01,Thursday,MUNROW AND GERRARD,Operations,4,8,,8860
2021/08/19,501,06:43,Thursday,BROADVIEW AND QUEEN,Held By,8,16,E,4521
2021/08/19,501,07:34,Thursday,ROYAL YORK AND LAKESHO,Operations,10,20,N,8432
2021/08/19,505,07:37,Thursday,RONCESVALLES AND QUEEN,Operations,10,18,,4574
2021/08/19,501,07:39,Thursday,LAKESHORE AND FIFTH ST,Operations,7,14,W,8816
2021/08/19,501,08:25,Thursday,QUEEN AND CARLAW,Held By,7,14,E,4445
2021/08/19,503,08:58,Thursday,QUEEN AND BROADVIEW,Mechanical,8,16,E,4547
2021/08/19,504,09:00,Thursday,DUNDAS WEST STATION,Operations,4,8,,8315
2021/08/19,501,09:31,Thursday,GERRARD AND ST MATTHEW,Operations,10,20,S,8808
2021/08/19,504,09:46,Thursday,RONCESVALLES AND QUEEN,Mechanical,6,12,N,8147
2021/08/19,501,10:13,Thursday,GERRARD AND MATTHEWS,Operations,6,12,W,8465
2021/08/19,501,10:31,Thursday,GERRARD AND ST MATTHEW,Operations,10,20,S,8808
2021/08/19,505,10:37,Thursday,DUNDAS AND CHURCH,Held By,9,15,W,4437
2021/08/19,501,10:48,Thursday,GERRARD AND ST MATTHEW,Cleaning - Unsanitary,10,20,W,8826
2021/08/19,506,11:10,Thursday,COLLEGE AND YONGE,Mechanical,8,16,E,4511
2021/08/19,501,12:09,Thursday,QUEEN AND MCCAUL,Operations,10,20,N,8568
2021/08/19,501,12:27,Thursday,MUNRO AND GERRARD,Operations,10,20,S,8656
2021/08/19,510,13:03,Thursday,SPADINA STATION,Mechanical,94,100,,4499
2021/08/19,501,13:06,Thursday,CHARLOTTE LOOP,Operations,8,16,E,4533
2021/08/19,501,13:16,Thursday,QUEEN AND WOODFIELD,Operations,8,16,,4533
2021/08/19,501,13:58,Thursday,BROADVIEW AND GERRARD,Operations,10,19,E,8925
2021/08/19,505,14:24,Thursday,DUNDAS AND DUFFERIN,Operations,8,16,E,4530
2021/08/19,501,14:29,Thursday,QUEEN AND RIVER,Investigation,8,16,W,4401
2021/08/19,505,15:24,Thursday,DUNDAS AND PARLIAMENT,Operations,9,18,W,4530
2021/08/19,511,15:53,Thursday,BATHURST STATION,Operations,8,16,E,4485
2021/08/19,504,15:58,Thursday,ERINDALE AND BROADVIEW,Mechanical,8,16,E,1354
2021/08/19,503,16:10,Thursday,QUEEN AND WOODFIELD,Operations,10,20,W,4592
2021/08/19,511,16:58,Thursday,BATHURST AND ULSTER,Security,16,24,N,4497
2021/08/19,501,17:02,Thursday,QUEEN AND BROADVIEW,Emergency Services,8,17,E,8827
2021/08/19,501,17:54,Thursday,QUEEN AND RONCESVALLES,Operations,9,17,E,8032
2021/08/19,501,17:55,Thursday,QUEEN AND ELMER,Emergency Services,126,134,W,4516
2021/08/19,505,18:00,Thursday,DUNDAS AND LANSDOWNE,Operations,8,16,N,4556
2021/08/19,501,18:09,Thursday,BROADVIEW AND GERRARD,Operations,10,20,W,8826
2021/08/19,511,18:23,Thursday,BATHURST STATION,Operations,8,16,S,4603
2021/08/19,501,18:43,Thursday,QUEEN AND GREENWOOD,Operations,8,17,W,4502
2021/08/19,512,18:49,Thursday,ST CLAIR STATION,Operations,6,12,W,4483
2021/08/19,505,19:11,Thursday,DUNDAS AND SHERBOURNE,Security,8,16,E,4476
2021/08/19,506,19:12,Thursday,COLLEGE AND LANSDOWNE,Operations,8,17,W,0
2021/08/19,501,19:37,Thursday,BROADVIEW AND GERRARD,Operations,9,17,N,8918
2021/08/19,504,20:39,Thursday,KING AND YONGE,Held By,5,10,E,4577
2021/08/19,501,21:00,Thursday,BROADVIEW AND GERRARD,Operations,9,19,W,8519
2021/08/19,510,22:37,Thursday,SPADINA AND HARBORD,Security,5,14,N,4485
2021/08/19,505,22:59,Thursday,DUNDAS AND BROCK,Security,16,27,W,4457
2021/08/19,504,23:46,Thursday,BROADVIEW STATION,Utilized Off Route,8,16,E,1114
2021/08/19,501,01:20,Thursday,ADELAIDE AND UNIVERSIT,Mechanical,7,14,E,8419
2021/08/20,504,05:03,Friday,KING AND SHERBOURNE,Mechanical,8,12,W,4564
2021/08/20,504,05:11,Friday,KING AND CHURCH,Held By,48,54,E,4580
2021/08/20,501,05:22,Friday,QUEEN AND SHERBOURNE,Security,8,16,W,8736
2021/08/20,501,05:43,Friday,QUEEN AND COXWELL,Diversion,8,16,W,4467
2021/08/20,512,05:45,Friday,LESLIE CARHOUSE,Held By,6,11,S,4486
2021/08/20,503,05:46,Friday,QUEEN AND CONNAUGHT,Held By,8,16,W,4532
2021/08/20,301,05:55,Friday,KING AND ONTARIO,Held By,30,75,W,4439
2021/08/20,504,06:15,Friday,BATHURST AND COLLEGE,Operations,0,0,W,4570
2021/08/20,505,06:54,Friday,DUNDAS AND YONGE,Cleaning - Unsanitary,8,16,W,4418
2021/08/20,505,08:54,Friday,GERRARD AND PARLIAMENT,Held By,8,16,E,4498
2021/08/20,501,09:02,Friday,RUSSELL YARD,Operations,8,16,,0
2021/08/20,501,09:30,Friday,THE QUEENSWAY AND HIGH,Operations,10,20,E,8745
2021/08/20,501,09:33,Friday,QUEEN AND SPADINA,Operations,7,14,E,8480
2021/08/20,501,09:46,Friday,LAKESHORE AND 13TH STR,Operations,10,20,E,8081
2021/08/20,504,11:29,Friday,DUFFERIN AND KING,Investigation,11,17,S,4410
2021/08/20,501,11:37,Friday,QUEEN AND YONGE,Operations,10,20,W,8447
2021/08/20,506,12:20,Friday,COLLEGE AND LANSDOWNE,Operations,8,16,W,4523
2021/08/20,511,12:45,Friday,BATHURST AND ROBINSON,Held By,6,13,N,4592
2021/08/20,501,12:54,Friday,QUEEN AND RONCESVALLES,Operations,9,19,,0
2021/08/20,501,12:56,Friday,LOUISE ST AND LAKESHOR,Held By,10,19,S,8764
2021/08/20,504,13:20,Friday,MT DENNIS GARAGE,Operations,5,10,,1105
2021/08/20,504,13:22,Friday,WILSON GARAGE,Operations,5,10,S,8301
2021/08/20,501,13:58,Friday,BROADVIEW AND GERRARD,Operations,9,19,E,9223
2021/08/20,501,14:13,Friday,UNKNOWN LOCATION,Operations,8,16,E,4434
2021/08/20,501,14:23,Friday,QUEEN AND GREENWOOD,Operations,9,17,E,4415
2021/08/20,501,14:39,Friday,QUEEN AND GREENWOOD,Operations,8,17,E,4521
2021/08/20,501,14:51,Friday,QUEEN AND WOODFIELD,Operations,8,18,E,4468
2021/08/20,510,15:14,Friday,SPADINA STATION,Security,22,28,W,4597
2021/08/20,511,15:19,Friday,BATHURST AND DUNDAS,Security,26,35,N,4432
2021/08/20,501,15:24,Friday,BROADVIEW AND GERRARD,Operations,8,17,E,8566
2021/08/20,512,15:50,Friday,ST CLAIR STATION,Operations,7,14,W,4414
2021/08/20,505,15:57,Friday,DUNDAS AND LANSDOWNE,Operations,8,16,W,4548
2021/08/20,509,16:00,Friday,CNE LOOP,Operations,10,20,E,4463
2021/08/20,501,16:40,Friday,BROADVIEW AND GERRARD,Operations,9,19,W,8597
2021/08/20,506,16:44,Friday,COLLEGE AND LANSDOWNE,Operations,9,18,W,4417
2021/08/20,510,17:16,Friday,SPADINA AND QUEENS QUA,Operations,5,11,S,4444
2021/08/20,506,17:24,Friday,DUNDAS AND SACKVILLE,Held By,17,26,E,4465
2021/08/20,501,17:28,Friday,HUMBER LOOP,Operations,8,15,E,8039
2021/08/20,506,17:31,Friday,DUNDAS AND SACKVILLE,Held By,13,21,W,4465
2021/08/20,501,17:33,Friday,GERRARD AND BROADVIEW,Collision - TTC Involved,8,17,W,8082
2021/08/20,501,18:03,Friday,QUEEN AND RONCESVALLES,Operations,8,17,E,8421
2021/08/20,501,19:01,Friday,QUEEN AND MCCAUL,General Delay,9,19,E,8649
2021/08/20,506,19:12,Friday,COLLEGE AND LANSDOWNE,Operations,9,18,W,4501
2021/08/20,506,19:41,Friday,COLLEGE AND LANSDOWNE,Operations,9,18,N,4404
2021/08/20,501,20:09,Friday,BROADVIEW AND GERRARD,Operations,6,16,N,9237
2021/08/20,501,20:23,Friday,BROADVIEW AND GERRARD,Operations,9,18,S,8872
2021/08/20,504,21:05,Friday,DISTILLERY LOOP,Operations,5,10,W,4410
2021/08/20,504,21:11,Friday,DUNDAS WEST STATION,Operations,10,20,W,8364
2021/08/20,512,00:00,Friday,ST CLAIR STATION,Operations,5,10,W,4419
2021/08/20,504,01:15,Friday,KING AND PORTLAND,Held By,5,11,E,4546
2021/08/20,510,01:27,Friday,SPADINA AND QUEEN'S QU,Security,9,18,S,4436
2021/08/21,504,03:33,Saturday,BROADVIEW AND QUEEN,Cleaning - Unsanitary,30,60,W,8364
2021/08/21,504,06:54,Saturday,DUFFERIN GATE LOOP,Operations,6,12,E,4500
2021/08/21,511,08:41,Saturday,FLEET AND STRACHAN,Cleaning - Unsanitary,8,16,N,4490
2021/08/21,501,08:54,Saturday,QUEEN AND CONNAUGHT,Operations,10,20,W,0
2021/08/21,506,09:15,Saturday,COLLEGE AND LANSDOWNE,Operations,8,16,,4569
2021/08/21,501,09:22,Saturday,QUEEN AND RONCESVALLES,Operations,6,12,W,0
2021/08/21,501,09:43,Saturday,QUEEN AND BROADVIEW,Operations,6,12,W,0
2021/08/21,504,10:36,Saturday,PRINCESS GATE,Mechanical,5,10,W,8211
2021/08/21,505,11:42,Saturday,DUNDAS AND BLOOR,Collision - TTC Involved,8,17,N,4528
2021/08/21,504,11:52,Saturday,DUNDAS WEST STATION,Diversion,20,27,E,1364
2021/08/21,506,12:27,Saturday,GERRARD AND BROADVIEW,Operations,22,30,W,4418
2021/08/21,506,12:27,Saturday,COLLEGE AND LANSDOWNE,Operations,6,12,W,4460
2021/08/21,506,13:04,Saturday,RONCESVALLES CARHOUSE,Operations,0,0,N,4534
2021/08/21,506,13:15,Saturday,COLLEGE AND LANSDOWNE,Operations,8,16,,4534
2021/08/21,506,13:15,Saturday,COLLEGE AND LANSDOWNE,Operations,8,16,,4534
2021/08/21,506,13:23,Saturday,COLLEGE AND LANSDOWNE,Operations,8,16,,4556
2021/08/21,511,14:00,Saturday,BATHURST AND KING,Operations,6,12,N,4406
2021/08/21,501,14:05,Saturday,QUEEN AND SILVER BIRCH,Emergency Services,40,48,E,4557
2021/08/21,505,14:05,Saturday,DUNDAS AND YONGE,Held By,6,13,W,4518
2021/08/21,510,15:00,Saturday,SPADINA STATION,Operations,4,8,S,4505
2021/08/21,506,15:55,Saturday,COLLEGE AND LANSDOWNE,Operations,9,18,,0
2021/08/21,506,15:55,Saturday,COLLEGE AND LANSDOWNE,Operations,8,16,W,4548
2021/08/21,506,17:06,Saturday,GERRARD AND PARLIAMENT,Held By,9,18,W,4511
2021/08/21,506,17:23,Saturday,COLLEGE AND LANSDOWNE,Operations,9,18,,0
2021/08/21,505,18:04,Saturday,DUNDAS AND LANSDOWNE,Operations,7,13,W,4413
2021/08/21,501,18:18,Saturday,THE QUEENSWAY AND WIND,Collision - TTC Involved,9,18,W,8964
2021/08/21,509,18:31,Saturday,CNE LOOP,Operations,5,15,W,4602
2021/08/21,505,18:37,Saturday,DUNDAS AND BROADVIEW,Operations,9,18,W,4498
2021/08/21,510,19:35,Saturday,SPADINA STATION,Operations,4,8,S,4597
2021/08/21,506,19:50,Saturday,COLLEGE AND LANSDOWNE,Operations,9,18,,0
2021/08/21,504,19:58,Saturday,EXHIBITION LOOP,Mechanical,8,16,W,8359
2021/08/21,505,20:09,Saturday,DUNDAS AND BROCK,Mechanical,8,16,E,4419
2021/08/21,506,20:29,Saturday,COLLEGE AND LANSDOWNE,Operations,9,18,,0
2021/08/21,510,20:40,Saturday,SPADINA STATION,Operations,5,10,N,4499
2021/08/21,506,20:45,Saturday,COLLEGE AND LANSDOWNE,Operations,9,18,,0
2021/08/21,505,21:03,Saturday,BAY AND DUNDAS,Security,21,30,N,4525
2021/08/21,506,21:05,Saturday,COLLEGE AND LANSDOWNE,Operations,9,18,,0
2021/08/21,501,21:12,Saturday,PARLIAMENT AND RICHMON,Operations,99,109,W,4500
2021/08/21,501,21:28,Saturday,NEVILLE LOOP,Collision - TTC Involved,15,30,W,4529
2021/08/21,501,21:42,Saturday,GERRARD AND ST MATTHEW,Utilized Off Route,8,16,E,8639
2021/08/21,504,21:46,Saturday,KING AND UNIVERSITY,Mechanical,27,33,E,4571
2021/08/21,501,21:50,Saturday,EGLINTON GARAGE,Utilized Off Route,8,16,E,8715
2021/08/21,501,21:53,Saturday,QUEEN AND BOULTON,Held By,27,34,W,4500
2021/08/21,501,23:55,Saturday,LONGBRANCH LOOP,Emergency Services,8,16,,8081
2021/08/21,504,00:50,Saturday,DISTILLERY LOOP,Emergency Services,18,25,,4483
2021/08/21,504,01:18,Saturday,KING AND BATHURST,Mechanical,8,16,E,8359
2021/08/21,504,01:28,Saturday,CHARLOTTE LOOP,Security,8,15,W,4483
2021/08/22,505,05:43,Sunday,RONCESVALLES YARD,Operations,11,21,W,4527
2021/08/22,506,08:09,Sunday,RONCESVALLES YARD,Operations,6,11,E,4596
2021/08/22,501,08:23,Sunday,ADALAIDE AND YORK,Emergency Services,6,12,E,8674
2021/08/22,504,09:44,Sunday,BROADVIEW AND DANFORTH,Cleaning - Unsanitary,6,12,W,1063
2021/08/22,510,10:20,Sunday,SPADINA AND SUSSEX,Operations,5,9,S,4588
2021/08/22,505,10:51,Sunday,DUNDAS AND PARLIAMENT,Security,8,15,W,4538
2021/08/22,500,11:33,Sunday,QUEENS QUAY STATION,Emergency Services,0,0,,0
2021/08/22,510,11:33,Sunday,SPADINA AND WILLOCKS,Operations,28,31,S,4598
2021/08/22,506,11:48,Sunday,COLLEGE AND BATHURST,Operations,8,16,W,4549
2021/08/22,501,12:19,Sunday,YONGE AND RICHMOND,Collision - TTC Involved,9,18,S,8544
2021/08/22,506,13:11,Sunday,UNIVERSITY AND COLLEGE,Held By,8,16,W,4511
2021/08/22,505,13:45,Sunday,DUNDAS AND UNIVERSITY,Diversion,29,36,W,4548
2021/08/22,512,13:47,Sunday,LESLIE BARNS,Operations,7,14,E,4584
2021/08/22,501,13:49,Sunday,QUEEN AND PAPE,Collision - TTC Involved,54,62,E,4543
2021/08/22,512,13:50,Sunday,LESLIE BARNS,Operations,7,14,E,4575
2021/08/22,505,15:06,Sunday,DUNDAS AND PARLIAMENT,Operations,7,14,W,4447
2021/08/22,505,15:24,Sunday,DUNDAS AND LANSDOWNE,Operations,7,14,W,4499
2021/08/22,506,15:37,Sunday,PARLIAMENT AND GERRARD,General Delay,8,16,N,4405
2021/08/22,504,15:55,Sunday,CHURCH AND KING,Security,8,16,N,4567
2021/08/22,501,16:41,Sunday,QUEEN AND ONTARIO,Mechanical,9,18,W,8484
2021/08/22,509,17:11,Sunday,EXHIBITION LOOP,Operations,7,14,E,4498
2021/08/22,504,17:12,Sunday,QUEEN AND TRILLER,Security,8,16,W,8333
2021/08/22,505,17:22,Sunday,DUNDAS AND PARLIAMENT,Operations,7,14,E,4535
2021/08/22,509,18:53,Sunday,QUEENS QUAY AND SPADIN,Operations,10,10,W,4506
2021/08/22,511,19:18,Sunday,BATHURST STATION,Investigation,9,18,S,4525
2021/08/22,510,19:30,Sunday,SPADINA STATION,Operations,4,8,S,4519
2021/08/22,510,20:00,Sunday,SPADINA STATION,Operations,4,8,E,4444
2021/08/22,501,20:30,Sunday,QUEEN AND KINGSTON,General Delay,10,20,W,4524
2021/08/22,506,22:07,Sunday,PAPE STATION,Mechanical,15,30,,3232
2021/08/22,506,23:32,Sunday,COLLEGE AND LANSDOWNE,Held By,9,18,E,4556
2021/08/22,510,23:39,Sunday,QUEENS QUAY AND REES,Mechanical,10,20,N,4482
2021/08/22,510,00:54,Sunday,SPADINA AND QUEENS QUA,Cleaning - Unsanitary,10,20,N,4448
2021/08/23,504,05:27,Monday,WILSON GARAGE,Operations,5,10,S,8163
2021/08/23,504,05:33,Monday,WILSON GARAGE,Operations,5,10,W,0
2021/08/23,504,09:32,Monday,DUNDAS WEST STATION,Operations,5,10,E,0
2021/08/23,511,09:52,Monday,BATHURST STATION,Operations,7,14,N,4517
2021/08/23,501,09:58,Monday,QUEEN AND DENISON,Emergency Services,69,78,,0
2021/08/23,504,10:20,Monday,MT DENNIS GARAGE,Operations,5,10,S,0
2021/08/23,504,10:29,Monday,RUSSEL YARD,Operations,0,0,N,4477
2021/08/23,510,10:37,Monday,SPADINA AND FRONT,Operations,6,12,S,4443
2021/08/23,504,10:42,Monday,BROADVIEW STATION,Cleaning - Unsanitary,5,10,E,1009
2021/08/23,511,10:48,Monday,BATHURST AND QUEEN,Overhead,75,82,S,4591
2021/08/23,501,10:48,Monday,BATHURST AND QUEEN,Held By,26,35,N,8789
2021/08/23,505,11:09,Monday,BAY AND DUNDAS,Held By,95,103,E,4499
2021/08/23,501,11:47,Monday,BIRCHMOUNT GARAGE,Operations,10,19,W,0
2021/08/23,501,12:21,Monday,3755 LAKSHORE BLVD W,Emergency Services,9,18,W,9205
2021/08/23,501,13:01,Monday,DUFFERIN GATE,Mechanical,10,18,E,8779
2021/08/23,505,13:10,Monday,DUNDAS AND LANSDOWNE,Operations,8,16,W,4413
2021/08/23,501,13:58,Monday,GERRARD AND BROADVIEW,Operations,10,19,E,8510
2021/08/23,506,14:17,Monday,COLLEGE AND LANSDOWNE,Operations,8,16,W,4407
2021/08/23,501,14:52,Monday,GERRARD AND BROADVIEW,Operations,8,10,E,4523
2021/08/23,503,14:55,Monday,QUEEN AND HASTINGS,Held By,10,20,E,4506
2021/08/23,506,14:57,Monday,COLLEGE AND LANSDOWNE,Operations,8,16,W,4458
2021/08/23,510,14:57,Monday,SPADINA STATION,Operations,5,10,S,4525
2021/08/23,501,14:58,Monday,QUEEN AND LESLIE,Held By,10,18,E,4516
2021/08/23,501,15:15,Monday,QUEEN AND BATHURST,Security,8,16,W,8631
2021/08/23,501,15:25,Monday,GERRARD AND BROADVIEW,Operations,8,17,W,9207
2021/08/23,511,16:34,Monday,BATHURST STATION,Operations,8,16,S,4563
2021/08/23,510,16:37,Monday,SPADINA STATION,Operations,5,10,S,4593
2021/08/23,512,16:52,Monday,ST. CLAIR STATION,Operations,7,14,W,4491
2021/08/23,504,16:58,Monday,BROADVIEW AND KINTYRE,Security,5,10,S,1122
2021/08/23,506,17:10,Monday,COLLEGE AND YONGE,Security,8,16,W,4587
2021/08/23,501,18:10,Monday,GERRARD AND BROADVIEW,Operations,10,18,E,8720
2021/08/23,511,18:51,Monday,BATHURST STATION,Operations,8,16,E,4455
2021/08/23,501,19:03,Monday,QUEEN AND JONES,Cleaning - Unsanitary,9,18,E,4521
2021/08/23,506,19:42,Monday,COLLEGE AND LANSDOWNE,Operations,9,18,W,4548
2021/08/23,501,20:22,Monday,GERRARD AND BROADVIEW,Operations,10,29,W,8828
2021/08/23,501,21:15,Monday,LAKE SHORE AND WINDERM,General Delay,169,176,W,8876
2021/08/23,505,22:19,Monday,DUNDAS AND UNIVERSITY,Security,10,20,W,4569
2021/08/23,504,22:24,Monday,BROADVIEW STATION,Operations,6,12,N,1357
2021/08/23,501,22:33,Monday,KING AND DUFFERIN,Emergency Services,10,20,E,7923
2021/08/23,501,01:20,Monday,CHARLOTTE LOOP,Emergency Services,10,20,S,4421
2021/08/24,506,08:18,Tuesday,LESLIE CARHOUSE,Operations,8,16,,4561
2021/08/24,501,10:19,Tuesday,HUMBERLOOP,Emergency Services,0,0,,8903
2021/08/24,501,11:12,Tuesday,QUEEN AND SHAW,Security,29,39,E,8554
2021/08/24,505,11:24,Tuesday,DUNDAS AND BAY,Cleaning - Unsanitary,8,16,E,4541
2021/08/24,301,12:03,Tuesday,LAKESHORE AND WINDERME,General Delay,237,252,E,9233
2021/08/24,501,12:03,Tuesday,LAKESHORE AND WINDERME,Diversion,237,252,E,9233
2021/08/24,504,13:04,Tuesday,DUNDAS WEST STN,Operations,6,12,W,1371
2021/08/24,504,13:13,Tuesday,WILSON GARAGE,Operations,5,10,,8102
2021/08/24,501,13:54,Tuesday,BROADVIEW AND GERRARD,Operations,10,19,N,8910
2021/08/24,504,13:54,Tuesday,KING AND SUMACH,Operations,6,12,W,4436
2021/08/24,501,14:41,Tuesday,BROADVIEW AND GERRARD,Operations,9,20,W,9235
2021/08/24,501,14:46,Tuesday,BROADVIEW AND GERRARD,Operations,10,19,E,8560
2021/08/24,501,14:51,Tuesday,QUEEN AND GREENWOOD,Operations,8,16,S,4533
2021/08/24,501,15:53,Tuesday,BROADVIEW AND GERRARD,Operations,9,17,E,8805
2021/08/24,512,17:15,Tuesday,ST CLAIR STATION,Operations,5,10,E,4474
2021/08/24,510,17:15,Tuesday,SPADINA AND KING,Operations,5,10,N,4498
2021/08/24,501,17:45,Tuesday,BROADVIEW AND QUEEN,Operations,8,17,W,7973
2021/08/24,501,18:41,Tuesday,CHARLOTTE AND KING,Cleaning - Unsanitary,9,18,E,4592
2021/08/24,501,18:53,Tuesday,BROADVIEW AND GERRARD,Operations,8,16,W,8400
2021/08/24,501,19:27,Tuesday,HUMBER LOOP,Security,10,26,W,8488
2021/08/24,510,19:38,Tuesday,SPADINA AND LAKESHORE,Held By,55,61,N,4489
2021/08/24,506,19:42,Tuesday,COLLEGE AND LANSDOWNE,Operations,9,17,W,4412
2021/08/24,,19:57,Tuesday,RONCESVALES YARD,Operations,0,0,,0
2021/08/24,501,20:35,Tuesday,LAKE SHORE AND PARK LA,Held By,88,98,W,8823
2021/08/24,511,20:49,Tuesday,BATHURST STATION APPRO,Operations,52,60,,4491
2021/08/24,501,21:06,Tuesday,KING AND SPADINA,Held By,13,23,E,4521
2021/08/24,506,21:10,Tuesday,CHURCH AND ADELAIDE,General Delay,0,0,N,4423
2021/08/24,509,22:30,Tuesday,QUEENS QUAY AND HARBOU,Investigation,11,20,E,4467
2021/08/24,,00:40,Tuesday,LESLIE AND COMMISIONER,Emergency Services,0,0,S,4559
2021/08/24,509,00:47,Tuesday,QUEENS QUAY AND DAN LE,Held By,8,18,E,4467
2021/08/24,501,01:09,Tuesday,KING AND SHERBOURNE,Investigation,9,19,E,4462
2021/08/24,501,01:12,Tuesday,KING AND SHERBOUNE,Investigation,15,21,E,4462
2021/08/25,504,05:09,Wednesday,WILSON GARAGE,Operations,10,20,,0
2021/08/25,504,05:09,Wednesday,WILSON GARAGE,Operations,5,10,,0
2021/08/25,504,09:28,Wednesday,DUNDAS WEST STATION,Operations,5,10,E,8338
2021/08/25,504,12:35,Wednesday,BROADVIEW STATION,Operations,5,10,,1325
2021/08/25,501,13:06,Wednesday,LONG BRANCH LOOP,Operations,9,19,W,9237
2021/08/25,505,13:28,Wednesday,DUNDAS AND PARLIAMENT,Security,8,16,S,4552
2021/08/25,501,13:31,Wednesday,BROADVIEW AND GERRARD,Operations,9,19,E,8788
2021/08/25,503,13:41,Wednesday,KING AND CHARLOTTE LOO,Mechanical,10,20,E,4553
2021/08/25,510,14:41,Wednesday,UNKNOWN LOCATION,Operations,6,11,,0
2021/08/25,501,16:07,Wednesday,BROADVIEW AND GERRARD,Operations,8,16,E,8826
2021/08/25,503,16:25,Wednesday,KING AND SHERBORUNE,Mechanical,10,20,E,4447
2021/08/25,501,16:30,Wednesday,BROADVIEW AND GERRARD,Operations,9,17,S,8543
2021/08/25,510,16:42,Wednesday,KING AND SPADINA,Operations,5,10,S,4575
2021/08/25,501,17:03,Wednesday,QUEEN AND GREENWOOD,Operations,8,16,W,4594
2021/08/25,512,17:15,Wednesday,ST CLAIR STATION,Operations,6,12,W,4539
2021/08/25,501,17:27,Wednesday,QUEEN AND WOODFIELD,Cleaning - Unsanitary,8,17,E,4516
2021/08/25,501,17:38,Wednesday,QUEEN AND GLADSTONE,Held By,13,17,E,8932
2021/08/25,501,17:44,Wednesday,QUEEN AND RONCESVALLES,Operations,8,17,W,8068
2021/08/25,505,18:00,Wednesday,DUNDAS AND LANSDOWNE,Operations,8,16,N,4556
2021/08/25,501,18:42,Wednesday,BROADVIEW AND MT STEPH,Mechanical,10,16,E,8523
2021/08/25,501,18:46,Wednesday,LONG BRANCH LOOP,Mechanical,9,17,E,7964
2021/08/25,501,18:52,Wednesday,BROADVIEW AND GERRARD,Operations,8,15,N,8597
2021/08/25,501,19:26,Wednesday,BROADVIEW AND GERRARD,Operations,9,19,N,8846
2021/08/25,504,23:07,Wednesday,KING AND BERKELEY,Cleaning - Unsanitary,8,16,E,1027
2021/08/25,501,23:32,Wednesday,NEVELLE LOOP,Security,0,0,W,4462
2021/08/25,506,00:05,Wednesday,CARLTON AND YONGE,Held By,29,38,W,0
2021/08/25,504,01:17,Wednesday,KING AND SUMACH,Mechanical,6,12,E,4602
2021/08/26,500,06:20,Thursday,RONCESVALLS DIVISION (,Emergency Services,0,0,,0
2021/08/26,511,06:25,Thursday,BATHURST STATION,Emergency Services,14,22,,4470
2021/08/26,,09:00,Thursday,"GUNN, INGLIS AND LESLI",Mechanical,0,0,,0
2021/08/26,504,09:13,Thursday,DUNDAS WEST STATION,Operations,5,10,E,0
2021/08/26,511,09:20,Thursday,EXHIBITION LOOP,Operations,7,14,,4509
2021/08/26,504,09:25,Thursday,DUNDAS WEST STATION,Operations,5,10,E,8347
2021/08/26,505,10:33,Thursday,BROADVIEW AND GERRARD,Investigation,8,16,E,4544
2021/08/26,501,12:43,Thursday,QUEEN AND NEVILLE PARK,Mechanical,8,16,E,4521
2021/08/26,512,12:58,Thursday,ST CLAIR WEST STATION,Operations,6,12,E,4404
2021/08/26,504,13:22,Thursday,DUNDAS WEST STATION,Operations,5,10,W,8300
2021/08/26,505,13:32,Thursday,DUNDAS AND EDNA,Diversion,30,38,E,4591
2021/08/26,512,14:17,Thursday,GUNNS LOOP,Operations,6,6,W,4469
2021/08/26,501,14:36,Thursday,LONG BRANCH LOOP,Operations,10,19,W,8676
2021/08/26,510,14:41,Thursday,LESLIE BARNS,Operations,5,11,,0
2021/08/26,511,15:09,Thursday,UNKNOWN LOCATION,Operations,7,14,S,4563
2021/08/26,501,15:24,Thursday,BROADVIEW AND GERRARD,Operations,8,17,E,8876
2021/08/26,504,15:30,Thursday,BROADVIEW STATION,General Delay,8,16,,1134
2021/08/26,511,15:36,Thursday,CNE LOOP,Cleaning - Unsanitary,8,16,N,4550
2021/08/26,506,15:43,Thursday,HIGH PARK AND SUNNYSID,Operations,8,17,W,4599
2021/08/26,510,16:42,Thursday,SPADINA AND KING,Operations,5,10,S,4454
2021/08/26,504,16:53,Thursday,BROADVIEW STATION,Emergency Services,8,16,,1407
2021/08/26,509,17:42,Thursday,CNE LOOP,Operations,10,20,E,4491
2021/08/26,511,17:48,Thursday,BATHURST AND DUNDAS,Security,8,16,N,4509
2021/08/26,501,18:04,Thursday,QUEEN AND RONCESVALLES,Operations,8,17,S,8085
2021/08/26,506,18:13,Thursday,COLLEGE AND BATHURST,Security,35,43,E,4495
2021/08/26,501,19:07,Thursday,QUEEN AND CHURCH,Cleaning - Unsanitary,10,18,W,8956
2021/08/26,505,00:34,Thursday,DUNDAS AND MANNING,Security,68,77,E,4598
2021/08/26,501,01:01,Thursday,QUEEN AND BATHURST,Utilized Off Route,10,20,E,9237
2021/08/27,506,02:51,Friday,DUNDAS WEST STATION,Overhead,30,60,,4501
2021/08/27,504,04:07,Friday,KING AND BATHURST,Security,253,273,E,1087
2021/08/27,511,04:13,Friday,BATHURST AND KING,Investigation,170,178,,4531
2021/08/27,301,04:41,Friday,GERRARD AND MUNRO,Security,0,0,W,8481
2021/08/27,506,05:22,Friday,RONCESVALLES YARD,Operations,4,12,E,4405
2021/08/27,501,06:05,Friday,BROADVIEW AND DUNDAS,Collision - TTC Involved,6,12,N,8491
2021/08/27,512,06:11,Friday,ST CLAIR AND LANSDOWNE,Operations,6,12,E,4437
2021/08/27,506,06:42,Friday,GERRARD AND PAPE,Operations,10,18,W,4556
2021/08/27,504,07:58,Friday,BROADVIEW AND GERRAD,Security,3,6,S,8131
2021/08/27,505,08:34,Friday,588 DUNDAS WEST AND AU,Diversion,8,16,E,0
2021/08/27,,08:44,Friday,RONCESVALLES YARD,Overhead,0,0,,4501
2021/08/27,506,09:30,Friday,CARLTON AND PARLIAMENT,Operations,10,18,W,4598
2021/08/27,501,09:59,Friday,QUEEN AND BEECH,Investigation,0,0,W,4439
2021/08/27,512,11:45,Friday,ST CIAR AND OLD WESTON,Collision - TTC Involved,37,43,E,4530
2021/08/27,512,11:49,Friday,ST CLAIR AND BATHURST,Operations,6,12,W,4451
2021/08/27,504,11:52,Friday,DUNDAS WEST STATION,Operations,5,10,E,8380
2021/08/27,506,12:17,Friday,GERRARD AND GLENMOUNT,Operations,10,18,E,4479
2021/08/27,501,12:40,Friday,QUEEN ST. W. AT STRACH,Mechanical,10,17,W,8068
2021/08/27,501,12:47,Friday,BROADVIEW AND GERRARD,Operations,10,19,W,8920
2021/08/27,506,12:49,Friday,GERRARD AND CARLAW,Operations,10,18,W,4479
2021/08/27,504,12:59,Friday,DUNDAS WEST STATION,Operations,5,10,W,8137
2021/08/27,,13:03,Friday,BATHURST AND NASSAU,Emergency Services,7,14,N,4435
2021/08/27,504,13:22,Friday,DUNDAS WEST STATION,Operations,5,10,N,8341
2021/08/27,501,14:01,Friday,QUEEN AND WOODFIELD,Operations,10,20,E,4523
2021/08/27,501,14:16,Friday,HUMBER LOOP,Operations,8,17,E,8583
2021/08/27,506,14:17,Friday,COLLEGE AND LANSDOWNE,Operations,8,16,W,4499
2021/08/27,501,14:28,Friday,QUEEN ST. E. AT GREENW,Operations,8,16,E,4588
2021/08/27,501,14:39,Friday,QUEEN AND GREENWOOD,Operations,8,16,W,4576
2021/08/27,501,14:48,Friday,BROADVIEW STATION,Security,9,19,W,8952
2021/08/27,501,14:51,Friday,QUEEN ST. E. AT GREENW,Operations,8,16,E,4468
2021/08/27,501,15:14,Friday,BROADVIEW AND GERRARD,Operations,8,25,E,8519
2021/08/27,501,15:14,Friday,BROADVIEW AND GERRARD,Operations,8,25,E,8519
2021/08/27,509,15:44,Friday,EXHIBITION LOOP AND MA,Operations,10,20,E,4513
2021/08/27,501,16:04,Friday,QUEEN ST. W. AT RONCES,Operations,8,17,E,8048
2021/08/27,501,16:07,Friday,BROADVIEW AND GERRARD,Operations,9,17,N,8670
2021/08/27,501,16:12,Friday,BROADVIEW AND GERRARD,Operations,9,17,W,0
2021/08/27,501,16:35,Friday,QUEEN ST. E. AT GREENW,Operations,8,34,W,4508
2021/08/27,501,16:45,Friday,BROADVIEW AND GERRARD,Operations,9,17,W,8570
2021/08/27,503,18:03,Friday,KINGSTON ROAD AND MAIN,Emergency Services,25,35,W,4532
2021/08/27,501,18:11,Friday,BROADVIEW AND GERRARD,Operations,10,18,W,8799
2021/08/27,504,18:41,Friday,RONCY AND HOWARD PARK,Operations,17,28,S,4528
2021/08/27,505,19:19,Friday,DUNDAS AND SHERBOURNE,Security,10,20,W,4481
2021/08/27,501,19:59,Friday,LONGBRANCH LOOP,Cleaning - Unsanitary,9,18,W,8853
2021/08/27,505,20:37,Friday,DUNDAS WEST STN,Emergency Services,10,18,,4443
2021/08/27,512,20:48,Friday,ST CLAIR AND DEER PARK,Cleaning - Unsanitary,9,18,E,4447
2021/08/27,506,20:59,Friday,COLLEGE AND LANSDOWNE,Operations,9,18,,0
2021/08/27,504,21:11,Friday,WILSON GARAGE,Operations,7,14,S,8328
2021/08/27,501,21:35,Friday,GERRARD AND ST MATTHEW,Cleaning - Unsanitary,9,18,E,8597
2021/08/27,510,21:57,Friday,SPADINA AND NASSAU,Emergency Services,22,31,S,4412
2021/08/27,511,22:29,Friday,BATHURST AND QUEEN,Emergency Services,14,23,N,4566
2021/08/27,504,22:40,Friday,BROADVIEW STATION,Mechanical,7,14,E,1398
2021/08/28,511,02:30,Saturday,BATHURST AND COLLEGE,Collision - TTC Involved,0,0,N,4417
2021/08/28,501,02:41,Saturday,QUEEN AND MCCAUL,Collision - TTC Involved,82,112,W,8813
2021/08/28,501,04:48,Saturday,GERRARD AND MUNRO,Operations,9,18,W,8623
2021/08/28,509,05:25,Saturday,KING AND CHERRY,Operations,15,15,W,4536
2021/08/28,506,06:35,Saturday,LANSDOWNE LOOP,Emergency Services,9,18,,4522
2021/08/28,506,07:26,Saturday,COLLEGE AND SPADINA,Operations,10,17,W,4495
2021/08/28,506,08:19,Saturday,LANSDOWNE LOOP,Investigation,6,12,,4541
2021/08/28,510,09:13,Saturday,KING AND CHERRY,Operations,4,8,W,4599
2021/08/28,505,09:38,Saturday,LESLIE BARNS,Held By,7,15,W,4566
2021/08/28,TEST CAR,09:51,Saturday,LESLIE BARNS,Operations,0,0,,4424
2021/08/28,501,11:17,Saturday,QUEEN AND RONCESVALLES,Operations,6,12,W,0
2021/08/28,501,12:19,Saturday,GERRARD AND BROADVIEW,Operations,6,12,E,3753
2021/08/28,506,12:27,Saturday,COLLEGE AND LANSDOWNE,Operations,8,16,W,4448
2021/08/28,505,12:44,Saturday,DUNDAS AND OSSIGNTON,Operations,21,27,W,4406
2021/08/28,510,13:53,Saturday,SPADINA STATION,Operations,4,8,S,4603
2021/08/28,501,14:04,Saturday,LONG BRANCH LOOP,Collision - TTC Involved,5,10,,8668
2021/08/28,506,14:24,Saturday,GERRARD AND BOWMORE,Emergency Services,19,27,E,4554
2021/08/28,505,14:35,Saturday,DUNDAS AND SPADINA,Held By,7,14,W,4474
2021/08/28,506,15:07,Saturday,SPADINA AND COLLEGE,Held By,12,20,E,4522
2021/08/28,510,15:29,Saturday,SPADINA AND QUEEN'S QU,Operations,4,8,N,4523
2021/08/28,511,15:51,Saturday,BATHURST STATION,Operations,6,12,S,4449
2021/08/28,504,15:56,Saturday,KING AND SPADINA,Emergency Services,8,16,W,3205
2021/08/28,509,15:58,Saturday,EXHIBITION LOOP,Operations,7,15,E,4568
2021/08/28,512,16:48,Saturday,ST CLAIR STATION,Operations,8,16,W,4588
2021/08/28,506,17:23,Saturday,COLLEGE AND LANSDOWNE,Operations,9,18,W,0
2021/08/28,512,17:27,Saturday,ST CLAIR STATION,Operations,4,8,W,4483
2021/08/28,506,17:47,Saturday,COLLEGE AND LANSDOWNE,Operations,9,18,W,0
2021/08/28,509,18:42,Saturday,EXHIBITION LOOP,General Delay,10,20,E,4532
2021/08/28,506,19:56,Saturday,COLLEGE AND LANSDOWNE,Operations,9,18,E,0
2021/08/28,505,20:16,Saturday,DUNDAS AT BROADVIEW,Emergency Services,0,0,E,4540
2021/08/28,506,20:22,Saturday,COLLEGE AND LANSDOWNE,Operations,9,18,W,0
2021/08/28,505,20:23,Saturday,DUNDAS AND HURON,General Delay,0,0,,0
2021/08/28,506,21:05,Saturday,COLLEGE AND LANSDOWNE,Operations,9,18,E,0
2021/08/28,506,21:11,Saturday,COLLEGE AND DUFFERIN,Held By,35,44,W,4515
2021/08/28,511,21:34,Saturday,QUEEN AND LESLIE,Operations,0,0,E,4527
2021/08/28,501,21:47,Saturday,QUEEN AND LESLIE,Overhead,38,48,E,4462
2021/08/28,501,22:11,Saturday,COXWELL AND QUEEN,Operations,10,20,S,4462
2021/08/28,511,23:05,Saturday,BATHURST STATION,Operations,9,18,S,4416
2021/08/28,501,00:05,Saturday,QUEEN AND GREENWOOD,Mechanical,10,20,E,4482
2021/08/28,505,00:15,Saturday,DUNDAS AND BROADVIEW,Utilized Off Route,9,18,W,4472
2021/08/29,505,03:09,Sunday,LESLIE AND COMMISIONER,Security,0,0,S,4472
2021/08/29,304,03:39,Sunday,KING AND BATHURST,General Delay,10,40,E,8139
2021/08/29,510,05:10,Sunday,SPADINA AND SUSSEX,Emergency Services,17,32,N,4485
2021/08/29,506,10:02,Sunday,COLLEGE AND LANSDOWNE,Operations,10,20,N,4547
2021/08/29,500,10:18,Sunday,RONCESVALLES CARHOUSE,Collision - TTC Involved,0,0,,4598
2021/08/29,510,11:24,Sunday,SPADINA AND FRONT,Rail/Switches,44,48,S,4465
2021/08/29,506,11:40,Sunday,COLLEGE AND LANSDOWNE,Operations,8,16,E,4427
2021/08/29,504,15:43,Sunday,EDNA AND DUNDAS WEST,Mechanical,8,16,E,8350
2021/08/29,510,15:59,Sunday,SPADINA STATION,Operations,4,7,S,4578
2021/08/29,510,16:38,Sunday,SPADINA AND KING,Operations,4,8,S,4415
2021/08/29,505,16:39,Sunday,DUNDAS WEST STATION,Operations,7,14,E,4564
2021/08/29,505,16:50,Sunday,DUNDAS AND BLOOR,Operations,7,14,W,4537
2021/08/29,505,17:38,Sunday,DUNDAS AND LANSDOWNE,Operations,7,14,W,4460
2021/08/29,506,18:48,Sunday,COLLEGE AND LANSDOWNE,Operations,9,18,,0
2021/08/29,506,18:56,Sunday,COLLEGE AND LANSDOWNE,Operations,9,18,,0
2021/08/29,510,19:59,Sunday,SPADINA AND KING,Operations,13,17,N,4523
2021/08/29,512,21:30,Sunday,ST CLAIR AND KEELE,Security,37,46,E,4594
2021/08/30,501,06:31,Monday,CANNAUGHT AV AND QUEEN,Emergency Services,0,0,S,4403
2021/08/30,506,07:09,Monday,COLLEGE AND UNIVERSITY,Security,8,16,W,4522
2021/08/30,501,07:34,Monday,OSSINGTON AND QUEEN,Cleaning - Unsanitary,9,18,N,9238
2021/08/30,512,07:39,Monday,ST CLAIR AND AVENUE,General Delay,16,22,E,4548
2021/08/30,511,10:34,Monday,BATHURST AND DUNDAS,Mechanical,7,14,N,4538
2021/08/30,501,11:35,Monday,KING AND PARLIAMENT,Operations,8,16,E,4512
2021/08/30,503,12:10,Monday,KING AND SHERBOURNE,Held By,18,28,N,4502
2021/08/30,504,12:19,Monday,DUNDAS WEST STATION,Operations,4,8,,8348
2021/08/30,504,13:40,Monday,DUNDAS WEST STATION,Operations,4,8,,8362
2021/08/30,501,13:57,Monday,GERRARD AND BROADVIEW,Operations,10,19,W,8497
2021/08/30,501,13:58,Monday,QUEEN AND GREENWOOD,Operations,8,16,W,4557
2021/08/30,504,14:07,Monday,RONCESVALLES AND BOUST,Mechanical,4,7,W,8308
2021/08/30,501,14:18,Monday,GERRARD AND BROADVIEW,Operations,10,19,W,8595
2021/08/30,512,14:19,Monday,ST CLAIR STATION,Operations,6,12,W,4588
2021/08/30,506,14:23,Monday,MAIN STREET STATIN,Cleaning - Unsanitary,8,16,W,4427
2021/08/30,505,14:35,Monday,DUNDAS AND LANSDOWNE,Operations,8,16,W,4438
2021/08/30,501,14:42,Monday,GERRARD AND BROADVIEW,Operations,9,20,W,8561
2021/08/30,501,14:46,Monday,GERRARD AND BROADVIEW,Operations,10,20,W,8490
2021/08/30,501,15:25,Monday,BROADVIEW AND GERRARD,Operations,8,17,E,8598
2021/08/30,512,16:06,Monday,ST CLAIR STATION,Operations,6,12,W,0
2021/08/30,505,16:16,Monday,DUNDAS AND PARLIAMENT,Operations,8,16,W,4484
2021/08/30,501,16:29,Monday,BROADVIEW AND GERRARD,Operations,9,17,E,8570
2021/08/30,510,16:40,Monday,SPADINA STATION,Diversion,96,103,N,4483
2021/08/30,501,17:04,Monday,QUEEN AND GREENWOOD,Operations,8,17,W,4582
2021/08/30,505,17:27,Monday,PARLIAMENT AND GERRARD,Operations,8,16,E,4602
2021/08/30,509,17:58,Monday,EXHIBITION LOOP,Operations,10,20,W,4480
2021/08/30,512,18:08,Monday,ST CLAIR STATION,Operations,7,14,W,4493
2021/08/30,506,18:13,Monday,COLLEGE AND LANSDOWNE,Operations,9,17,W,4541
2021/08/30,501,18:27,Monday,LONG BRANCH LOOP,Operations,9,19,W,8517
2021/08/30,501,18:31,Monday,QUEEN AND RONCESVALLES,Operations,9,17,W,7938
2021/08/30,504,19:32,Monday,QUEEN AND HAMILTON,Collision - TTC Involved,5,10,W,1654
2021/08/30,512,19:39,Monday,ST CLAIR AND LANSDOWNE,Operations,40,48,W,4552
2021/08/30,506,19:42,Monday,COLLEGE AND LANSDOWNE,Operations,9,17,W,4456
2021/08/30,504,19:45,Monday,DANFORTH AND BROADVIEW,Collision - TTC Involved,0,0,W,1662
2021/08/30,501,19:55,Monday,PARLIAMENT AT RICHMOND,Held By,31,40,N,4546
2021/08/30,501,20:22,Monday,BROADVIEW AND GERRARD,Operations,9,28,N,8574
2021/08/30,501,20:43,Monday,LAKESKORE AND COLONEL,Cleaning - Unsanitary,9,18,E,8763
2021/08/30,504,00:01,Monday,DUNDAS AND BLOOR,Mechanical,10,20,W,8312
2021/08/30,504,00:14,Monday,QUEEN AND TRILLER,Emergency Services,5,10,W,9211
2021/08/30,501,00:19,Monday,LONGBRANCH LOOP,Emergency Services,10,17,W,8660
2021/08/31,510,02:48,Tuesday,SPADINA AND COLLEGE,Held By,12,27,N,4566
2021/08/31,512,07:31,Tuesday,ST CLAIR WEST STATION,Operations,12,18,E,4497
2021/08/31,511,09:20,Tuesday,BATHURST ROUTE,Operations,7,14,,4411
2021/08/31,504,09:34,Tuesday,KING AND SUMACH,Operations,5,10,E,4588
2021/08/31,504,10:31,Tuesday,DUNDAS WEST STATION,Investigation,5,10,,8177
2021/08/31,501,11:05,Tuesday,QUEEN AND PALMERSTON,Security,9,19,W,8490
2021/08/31,504,11:18,Tuesday,STRATCHAN AND EAST LI,Collision - TTC Involved,5,10,N,8355
2021/08/31,504,12:19,Tuesday,DUNDAS WEST STATION,Operations,4,8,,1371
2021/08/31,512,12:55,Tuesday,GUNNS LOOP,Operations,10,16,W,4481
2021/08/31,501,13:08,Tuesday,KING AND TRILLER,Operations,4,8,N,8396
2021/08/31,501,13:42,Tuesday,QUEEN AND YONGE,Cleaning - Unsanitary,10,19,E,8403
2021/08/31,511,15:14,Tuesday,LESLIE BARNS,Operations,7,14,N,4516
2021/08/31,501,15:36,Tuesday,QUEEN AND BAY,Mechanical,8,17,W,9229
2021/08/31,501,15:38,Tuesday,BROADVIEW AND GERRARD,Operations,9,17,S,8796
2021/08/31,501,15:55,Tuesday,QUEEN AND BROADVIEW,Cleaning - Unsanitary,8,16,W,4443
2021/08/31,512,16:07,Tuesday,ST CLAIR STATION,Emergency Services,0,0,,0
2021/08/31,512,16:11,Tuesday,ST CLAIR AND LANSDOWNE,Overhead,44,50,W,4521
2021/08/31,512,17:15,Tuesday,ST CLAIR STATION,Operations,6,12,,0
2021/08/31,505,17:27,Tuesday,DUNDAS AND PARLIAMENT,Operations,8,16,W,4475
2021/08/31,501,17:44,Tuesday,QUEEN AND RONCESVALLES,Operations,8,17,S,7964
2021/08/31,505,17:53,Tuesday,DUNDAS AND UNIVERSITY,General Delay,25,33,W,4529
2021/08/31,505,18:05,Tuesday,PARLIAMENT AND DUNDAS,Collision - TTC Involved,66,74,N,4518
2021/08/31,506,18:13,Tuesday,COLLEGE AND LANSDOWNE,Operations,8,17,W,4414
2021/08/31,511,18:23,Tuesday,BATHURST STATION,Operations,8,16,E,4597
2021/08/31,512,18:23,Tuesday,ST CLAIR AND LANSDOWNE,Held By,20,26,E,4602
2021/08/31,501,18:29,Tuesday,QUEEN AND RONCESVALLES,Operations,9,17,E,8037
2021/08/31,510,18:49,Tuesday,SPADINA STATION,Cleaning - Unsanitary,6,12,S,4559
2021/08/31,506,19:42,Tuesday,COLLEGE AND LANSDOWNE,Operations,9,17,W,4438
2021/08/31,501,20:22,Tuesday,BROADVIEW AND GERRARD,Operations,10,19,E,8681
2021/08/31,510,21:10,Tuesday,SPADINA AND HARBORD,Mechanical,14,23,S,4523
2021/08/31,506,21:31,Tuesday,COLLEGE AND LANSDOWNE,Operations,9,17,E,4503
2021/08/31,501,21:55,Tuesday,QUEEN AND CONNAUGHT,Operations,10,20,E,4403
2021/08/31,506,23:36,Tuesday,CARLTON AND JARVIS,Held By,75,84,E,4569
2021/08/31,600,00:58,Tuesday,GERRARD AND BROADVIEW,Collision - TTC Involved,6,12,W,3526
