Report Date,Route,Time,Day,Location,Incident,Min Delay,Min Gap,Direction,Vehicle
2015/03/01,505,1:10:00 AM,Sunday,Ossington and Dundas,Mechanical,12,24,E/B,4098
2015/03/01,505,1:33:00 AM,Sunday,Ossington and Dundas,Investigation,12,24,E/B,4103
2015/03/01,512,4:13:00 AM,Sunday,Bathurst and St.Clair,Held By,25,40,W/B,4112
2015/03/01,501,9:00:00 AM,Sunday,King and Shaw,Mechanical,10,20,W/B,4251
2015/03/01,501,9:00:00 AM,Sunday,Long Branch to Neville,General Delay,30,15,B/W,
2015/03/01,504,9:28:00 AM,Sunday,KING and BAY,Emergency Services,22,28,E/B,4051
2015/03/01,506,10:25:00 AM,Sunday,Gerrard and Coxwell,Mechanical,8,16,E/B,4012
2015/03/01,506,11:23:00 AM,Sunday,College and Lansdown,Mechanical,8,16,E/B,4139
2015/03/01,505,11:30:00 AM,Sunday,RUSSELL YARD,Mechanical,6,12,W/B,4081
2015/03/01,505,11:30:00 AM,Sunday,505 DUNDAS,General Delay,15,8,B/W,
2015/03/01,505,11:50:00 AM,Sunday,RUSSELL YARD,Held By,5,10,W/B,4103
2015/03/01,509,12:06:00 PM,Sunday,Cne loop,Held By,6,11,E/B,4078
2015/03/01,506,12:14:00 PM,Sunday,Gerrard coxwell,General Delay,12,20,E/B,4172
2015/03/01,501,1:00:00 PM,Sunday,Long Branch to Neville Loop,General Delay,35,20,B/W,
2015/03/01,509,1:10:00 PM,Sunday,Cne loop,Mechanical,6,13,E/B,4040
2015/03/01,512,3:30:00 PM,Sunday,St. Clair stn,Mechanical,6,13,E/B,4145
2015/03/01,501,3:54:00 PM,Sunday,Queen and Roncesvalles,Investigation,6,12,E/B,4176
2015/03/01,511,4:03:00 PM,Sunday,Bathurst stn,Utilized Off Route,5,10,S/B,4110
2015/03/01,504,4:47:00 PM,Sunday,roncesvalles and Queen,Mechanical,20,13,W/B,4148
2015/03/01,504,4:47:00 PM,Sunday,Roncesvalles and Queen,Mechanical,20,13,W/B,4148
2015/03/01,506,5:16:00 PM,Sunday,Broadview & gerarrd,Mechanical,7,14,E/B,4181
2015/03/01,511,5:55:00 PM,Sunday,fleet loop,Mechanical,5,10,N/B,4043
2015/03/01,505,7:19:00 PM,Sunday,Bathurst and Dundas,Mechanical,6,12,W/B,4103
2015/03/01,505,7:19:00 PM,Sunday,Bathurst and Dundas,Mechanical,6,12,W/B,4038
2015/03/01,505,7:43:00 PM,Sunday,Bathurst Stn,Utilized Off Route,6,12,E/B,4010
2015/03/01,501,9:00:00 PM,Sunday,Neville to Long Branch,General Delay,20,15,B/W,
2015/03/01,501,10:41:00 PM,Sunday,York and Queen,Mechanical,28,38,W/B,4245
2015/03/01,501,10:41:00 PM,Sunday,York and Queen,Utilized Off Route,10,20,W/B,4195
2015/03/02,501,5:43:00 AM,Monday,Queen at Connaught,Late Leaving Garage,5,10,E/B,4200
2015/03/02,502,5:45:00 AM,Monday,Queen at Connaught,Late Leaving Garage,12,24,E/B,4151
2015/03/02,506,6:15:00 AM,Monday,Lower Gerrard at Coxwell,Late Leaving Garage,5,9,E/B,4089
2015/03/02,506,6:27:00 AM,Monday,Coxwell at Lower Gerrard,Late Leaving Garage,4,8,E/B,4041
2015/03/02,505,6:27:00 AM,Monday,Dundas at Broadview,Late Leaving Garage,5,11,E/B,4143
2015/03/02,501,6:40:00 AM,Monday,Queensway at Roncesvalles.,Mechanical,6,12,E/B,4232
2015/03/02,501,6:46:00 AM,Monday,Queensway at Roncesvalles.,Mechanical,6,12,E/B,4217
2015/03/02,505,6:54:00 AM,Monday,Jarvis and dundas,Mechanical,31,36,W/B,4076
2015/03/02,505,7:09:00 AM,Monday,Dundas at Broadview,Late Leaving Garage,5,11,E/B,4086
2015/03/02,510,7:16:00 AM,Monday,roncesvalles carhouse,Mechanical,3,5,N/B,4173
2015/03/02,504,7:18:00 AM,Monday,roncesvalles and queen,Mechanical,2,4,W/B,4120
2015/03/02,510,7:19:00 AM,Monday,spadina and king,Mechanical,3,5,N/B,4079
2015/03/02,510,7:25:00 AM,Monday,spadina nad king,Mechanical,3,5,N/B,4141
2015/03/02,510,7:25:00 AM,Monday,spadina and king,Mechanical,3,5,N/B,4141
2015/03/02,501,7:51:00 AM,Monday,Queen St. E. at Connaught.,Mechanical,5,10,E/B,4222
2015/03/02,509,8:17:00 AM,Monday,Fleet Loop,Mechanical,5,10,E/B,4081
2015/03/02,505,9:26:00 AM,Monday,Grace and Dundas,Held By,44,50,E/B,4172
2015/03/02,501,9:43:00 AM,Monday,queen St. W. at Bay.,Held By,35,41,W/B,4188
2015/03/02,502,9:43:00 AM,Monday,Queen/Bay,Investigation,34,46,W/B,4118
2015/03/02,502,12:32:00 PM,Monday,Kingston and Woodbine,Held By,17,23,E/B,4038
2015/03/02,501,1:50:00 PM,Monday,Roncesvalles Yard,Mechanical,4,9,E/B,4220
2015/03/02,502,3:17:00 PM,Monday,McCaul and Queen,Held By,16,36,N/B,4052
2015/03/02,512,3:35:00 PM,Monday,St. Clair and Lansdowne.,Emergency Services,6,10,W/B,4068
2015/03/02,504,4:53:00 PM,Monday,King @jarvis,Mechanical,5,10,E/B,7747
2015/03/02,506,5:21:00 PM,Monday,Gerrard and Logan,Held By,269,275,B/W,4041
2015/03/02,505,6:19:00 PM,Monday,Bathurst and Dundas,Mechanical,5,30,E/B,4001
2015/03/02,501,7:02:00 PM,Monday,Queen and Victoria,Diversion,8,16,E/B,4245
2015/03/02,501,7:11:00 PM,Monday,Lakeshore at Royal York,Held By,54,65,W/B,4226
2015/03/02,504,7:12:00 PM,Monday,Dundas W stn.,Mechanical,16,20,E/B,4066
2015/03/02,506,9:10:00 PM,Monday,Main Street and Danforth Road,Held By,100,108,B/W,4041
2015/03/03,510,12:00:00 AM,Tuesday,Spadina Station,Investigation,8,16,S/B,4106
2015/03/03,502,5:26:00 AM,Tuesday,Queen at Connaught,Late Leaving Garage,7,19,E/B,4057
2015/03/03,505,5:27:00 AM,Tuesday,Dundas at Broadview,Late Leaving Garage,8,13,E/B,4156
2015/03/03,504,5:29:00 AM,Tuesday,Queen at Broadview,Late Leaving Garage,15,23,E/B,4192
2015/03/03,506,5:36:00 AM,Tuesday,Coxwell at Lower Gerrard,Late Leaving Garage,12,0,W/B,4025
2015/03/03,501,5:46:00 AM,Tuesday,Queen at Connaught,Late Leaving Garage,8,15,E/B,4248
2015/03/03,501,5:56:00 AM,Tuesday,Queen at Connaught,Late Leaving Garage,5,10,E/B,4228
2015/03/03,505,6:00:00 AM,Tuesday,Dundas and Broadview,Mechanical,6,12,E/B,4045
2015/03/03,505,6:38:00 AM,Tuesday,Broadview and dundas,Mechanical,6,12,W/B,4084
2015/03/03,506,6:44:00 AM,Tuesday,Gerrard and Carlaw,Mechanical,4,8,W/B,4118
2015/03/03,505,6:51:00 AM,Tuesday,,Late Leaving Garage,5,10,E/B,4001
2015/03/03,511,7:04:00 AM,Tuesday,CNE LOOP,Utilized Off Route,5,10,E/B,4144
2015/03/03,510,7:25:00 AM,Tuesday,spadina and king,Mechanical,3,5,N/B,4179
2015/03/03,501,7:28:00 AM,Tuesday,Neville Loop.,Mechanical,5,10,W/B,4224
2015/03/03,510,7:45:00 AM,Tuesday,King & Spadina,Utilized Off Route,3,5,E/B,4179
2015/03/03,510,7:50:00 AM,Tuesday,King @ Spadina,Utilized Off Route,3,5,E/B,4196
2015/03/03,502,8:07:00 AM,Tuesday,Mccaul/Stephanie,Held By,34,46,E/B,4047
2015/03/03,506,8:26:00 AM,Tuesday,Gerrard and Pape,Held By,18,22,W/B,4051
2015/03/03,502,8:41:00 AM,Tuesday,Queen/Carlaw,Mechanical,12,22,E/B,4124
2015/03/03,506,9:13:00 AM,Tuesday,Main Station,Mechanical,8,12,W/B,4110
2015/03/03,501,9:52:00 AM,Tuesday,Queen St. W. at McCaul.,Investigation,8,13,W/B,4119
2015/03/03,510,10:30:00 AM,Tuesday,Spadina @ Adelaide.,Held By,18,25,S/B,4180
2015/03/03,501,10:44:00 AM,Tuesday,Queen St. E. at Parliament.,Mechanical,6,12,W/B,4200
2015/03/03,511,12:05:00 PM,Tuesday,Bathurst Stn,Mechanical,6,12,N/B,4144
2015/03/03,504,12:15:00 PM,Tuesday,King and John st,Held By,26,32,W/B,4010
2015/03/03,511,1:30:00 PM,Tuesday,Bathurst @ Nassau,Investigation,65,70,S/B,4176
2015/03/03,512,2:26:00 PM,Tuesday,St.Clair and Northcliff,Emergency Services,34,38,W/B,4106
2015/03/03,502,2:30:00 PM,Tuesday,McCaul and Queen,Held By,32,47,S/B,4109
2015/03/03,504,2:34:00 PM,Tuesday,King @ Shaw,Mechanical,5,9,E/B,4080
2015/03/03,512,4:12:00 PM,Tuesday,St. Clair and Caledonia,Mechanical,40,44,W/B,4117
2015/03/03,504,4:13:00 PM,Tuesday,King @ York,Investigation,5,10,E/B,1226
2015/03/03,506,5:49:00 PM,Tuesday,College and Lansdowne,Held By,9,15,E/B,4090
2015/03/03,504,6:11:00 PM,Tuesday,Ronc @ Queenway,Investigation,4,8,E/B,4015
2015/03/03,501,6:28:00 PM,Tuesday,Queen at Roncesvalles,General Delay,18,28,W/B,4211
2015/03/03,501,6:57:00 PM,Tuesday,Queensway at Roncesvalles,Mechanical,10,15,W/B,4239
2015/03/03,501,8:27:00 PM,Tuesday,Queen and Connaught,Investigation,89,95,W/B,4245
2015/03/03,501,8:46:00 PM,Tuesday,Kingston Rd. and Queen,Mechanical,6,12,W/B,4215
2015/03/03,501,8:50:00 PM,Tuesday,Shaw and Queen,Mechanical,6,12,E/B,4227
2015/03/03,505,9:53:00 PM,Tuesday,Dundas and Spadina,Emergency Services,17,26,B/W,4151
2015/03/04,501,12:09:00 AM,Wednesday,Augusta and Queen,Mechanical,40,49,E/B,4226
2015/03/04,501,12:23:00 AM,Wednesday,Augusta and Queen,Utilized Off Route,9,18,E/B,4242
2015/03/04,501,1:21:00 AM,Wednesday,Roncesvalles and Queen,Diversion,79,88,W/B,4188
2015/03/04,505,5:17:00 AM,Wednesday,Dundas at Broadview,Late Leaving Garage,8,16,E/B,4192
2015/03/04,501,5:20:00 AM,Wednesday,Queen at Connaught,Late Leaving Garage,5,10,W/B,4232
2015/03/04,504,5:33:00 AM,Wednesday,King and Spadina,Held By,20,28,E/B,4066
2015/03/04,506,5:33:00 AM,Wednesday,Lower Gerrard at Coxwell,Late Leaving Garage,6,12,E/B,4110
2015/03/04,501,5:35:00 AM,Wednesday,Queen at Connaught,Late Leaving Garage,10,18,E/B,4241
2015/03/04,504,5:36:00 AM,Wednesday,roncesvalles yard,Held By,6,12,W/B,4127
2015/03/04,505,5:37:00 AM,Wednesday,Dundas at Broadview,Late Leaving Garage,8,16,E/B,4134
2015/03/04,501,5:45:00 AM,Wednesday,Queen at Connaught,Late Leaving Garage,7,12,E/B,4217
2015/03/04,506,5:49:00 AM,Wednesday,Lower Gerrard at Coxwell,Late Leaving Garage,6,10,E/B,4158
2015/03/04,504,5:50:00 AM,Wednesday,Queen at Broadview,Late Leaving Garage,7,13,E/B,4082
2015/03/04,505,5:54:00 AM,Wednesday,Dundas at Broadview,Late Leaving Garage,6,11,E/B,4161
2015/03/04,501,5:57:00 AM,Wednesday,Queen at Connaught,Late Leaving Garage,12,24,E/B,4048
2015/03/04,501,6:01:00 AM,Wednesday,Humber Loop.,Mechanical,5,10,E/B,4249
2015/03/04,501,6:03:00 AM,Wednesday,Queen at Conaught,Late Leaving Garage,6,11,E/B,4245
2015/03/04,506,6:06:00 AM,Wednesday,Lower Gerrard at Coxwell,Late Leaving Garage,5,10,E/B,4016
2015/03/04,501,6:13:00 AM,Wednesday,queen at Connaught,Late Leaving Garage,5,10,E/B,4073
2015/03/04,506,6:15:00 AM,Wednesday,Lower Gerrard at Coxwell,Late Leaving Garage,5,9,E/B,4083
2015/03/04,501,6:15:00 AM,Wednesday,Queen at Connaught,Late Leaving Garage,12,24,E/B,4162
2015/03/04,501,6:25:00 AM,Wednesday,Queen at Broadview,Late Leaving Garage,4,8,E/B,4068
2015/03/04,501,6:39:00 AM,Wednesday,Queen at Connaught,Late Leaving Garage,3,6,W/B,4085
2015/03/04,501,6:44:00 AM,Wednesday,Queen at Connaught,Late Leaving Garage,10,15,E/B,4199
2015/03/04,501,6:44:00 AM,Wednesday,Queen at Connaught,Late Leaving Garage,5,10,E/B,4065
2015/03/04,501,6:52:00 AM,Wednesday,Queen St. W. at Roncesvalles.,Mechanical,5,10,W/B,4217
2015/03/04,508,7:04:00 AM,Wednesday,Roncesvalles Car House,Mechanical,12,24,W/B,4094
2015/03/04,510,7:16:00 AM,Wednesday,King & Spadina,Utilized Off Route,3,5,N/B,4053
2015/03/04,510,7:17:00 AM,Wednesday,roncesvalles yard,Mechanical,3,5,N/B,4031
2015/03/04,510,7:24:00 AM,Wednesday,King & Spadina,Utilized Off Route,3,5,N/B,4135
2015/03/04,509,7:25:00 AM,Wednesday,Queens Quay & Spadina,Mechanical,6,12,W/B,4124
2015/03/04,501,7:25:00 AM,Wednesday,Queen at Connaught,Late Leaving Garage,12,17,E/B,4202
2015/03/04,506,8:05:00 AM,Wednesday,Gerrard and Parliament,Mechanical,4,8,W/B,4139
2015/03/04,506,8:12:00 AM,Wednesday,Lower Gerrard at Coxwell,Late Leaving Garage,4,8,E/B,4044
2015/03/04,502,8:23:00 AM,Wednesday,Queen/Carroll st.,Investigation,5,17,W/B,4130
2015/03/04,509,8:28:00 AM,Wednesday,Union to Exhibition Loop,Mechanical,6,12,W/B,4124
2015/03/04,501,9:30:00 AM,Wednesday,Queen St. w. at Shaw St.,Investigation,24,34,W/B,4228
2015/03/04,506,9:50:00 AM,Wednesday,Howard Park and Dundas,Held By,11,15,E/B,4078
2015/03/04,509,10:44:00 AM,Wednesday,Exhibition Loop to Union,Mechanical,6,12,E/B,4185
2015/03/04,509,10:44:00 AM,Wednesday,CNE Loop,Mechanical,8,16,E/B,4185
2015/03/04,509,11:28:00 AM,Wednesday,Roncesvalles South Gate to King Street,Investigation,8,16,E/B,4185
2015/03/04,506,11:35:00 AM,Wednesday,Gerrard and Hiawatha Road,Investigation,125,130,E/B,4110
2015/03/04,511,12:34:00 PM,Wednesday,Bathurst & Fleet,Held By,11,17,E/B,4033
2015/03/04,509,12:34:00 PM,Wednesday,Fleet @ Bathurst,Held By,9,17,E/B,4045
2015/03/04,501,1:00:00 PM,Wednesday,Roncesvalles Yard,Mechanical,5,10,E/B,4228
2015/03/04,501,1:22:00 PM,Wednesday,Queen at Yonge,Investigation,5,10,E/B,4207
2015/03/04,504,1:54:00 PM,Wednesday,King @ John,Emergency Services,11,15,W/B,4171
2015/03/04,509,2:01:00 PM,Wednesday,Russell Yard,Late Leaving Garage,8,12,W/B,4029
2015/03/04,509,3:23:00 PM,Wednesday,Spadina and Front,Mechanical,16,20,N/B,4045
2015/03/04,502,3:43:00 PM,Wednesday,McCaul and Queen,Held By,34,50,S/B,4028
2015/03/04,506,3:53:00 PM,Wednesday,College and Concord,Held By,8,13,E/B,4027
2015/03/04,511,4:13:00 PM,Wednesday,Exhibition Loop,Mechanical,4,8,N/B,4222
2015/03/04,504,4:17:00 PM,Wednesday,Queen @Ronc.,Mechanical,4,8,W/B,4005
2015/03/04,504,4:43:00 PM,Wednesday,Queen @Broadview,Mechanical,4,8,E/B,4057
2015/03/04,506,4:58:00 PM,Wednesday,Howard Park and Dundas,Held By,73,78,B/W,4001
2015/03/04,501,5:23:00 PM,Wednesday,Queen and Connaught,Held By,34,39,E/B,4177
2015/03/04,506,5:38:00 PM,Wednesday,Gerrard and Redwood (near Greenwood),Emergency Services,71,76,E/B,4039
2015/03/04,504,5:56:00 PM,Wednesday,Ronc @ queen,Mechanical,4,8,W/B,4198
2015/03/04,512,6:58:00 PM,Wednesday,St. Clair W . Station,Held By,86,93,E/B,4136
2015/03/04,504,7:08:00 PM,Wednesday,King @ Dufferin,Investigation,16,20,B/W,4174
2015/03/04,509,9:03:00 PM,Wednesday,Exhibition Loop,Mechanical,7,14,E/B,4096
2015/03/04,511,9:06:00 PM,Wednesday,Exhibition Loop,Investigation,8,16,N/B,4173
2015/03/05,504,1:52:00 AM,Thursday,King and Brant,Held By,22,42,W/B,504
2015/03/05,501,4:50:00 AM,Thursday,roncesvalles and queen,Mechanical,10,20,W/B,4223
2015/03/05,502,5:16:00 AM,Thursday,Queen at Connaught,Late Leaving Garage,7,0,E/B,4070
2015/03/05,505,5:22:00 AM,Thursday,Dundas at Broadview,Late Leaving Garage,9,0,E/B,4181
2015/03/05,506,5:24:00 AM,Thursday,Coxwell at Lower Gerrard,Late Leaving Garage,8,0,W/B,4133
2015/03/05,506,5:39:00 AM,Thursday,Lower Gerrard at Coxwell,Late Leaving Garage,12,18,E/B,4170
2015/03/05,501,5:43:00 AM,Thursday,Queen at Connaught,Late Leaving Garage,3,10,W/B,4230
2015/03/05,506,6:15:00 AM,Thursday,Lower Gerrard at Coxwell,Late Leaving Garage,5,9,E/B,4120
2015/03/05,504,6:17:00 AM,Thursday,roncesvalles and queen,Mechanical,2,4,W/B,4147
2015/03/05,501,6:18:00 AM,Thursday,Queen atr Connaught,Late Leaving Garage,5,10,E/B,4200
2015/03/05,506,6:27:00 AM,Thursday,Lower Gerrard at Coxwell,Late Leaving Garage,4,8,E/B,4015
2015/03/05,511,6:30:00 AM,Thursday,King and Bathurst,Mechanical,4,8,S/B,4217
2015/03/05,512,6:51:00 AM,Thursday,St.Clair stn,Mechanical,3,6,W/B,4099
2015/03/05,504,7:00:00 AM,Thursday,Roncesvalles and Marion,Mechanical,15,19,W/B,4110
2015/03/05,506,7:01:00 AM,Thursday,Gerrard and Pape,Mechanical,4,8,E/B,4028
2015/03/05,511,7:15:00 AM,Thursday,Bathurst stn,Mechanical,4,8,S/B,4107
2015/03/05,510,7:16:00 AM,Thursday,King & Spadina,Utilized Off Route,3,5,N/B,4126
2015/03/05,510,7:24:00 AM,Thursday,King & Spadina,Utilized Off Route,3,5,N/B,4156
2015/03/05,505,7:40:00 AM,Thursday,Dundas and Howard pk.,Mechanical,6,12,E/B,4096
2015/03/05,504,7:45:00 AM,Thursday,King and Spadina,Held By,13,17,E/B,4168
2015/03/05,501,7:45:00 AM,Thursday,Queen Route,General Delay,20,15,B/W,
2015/03/05,506,8:03:00 AM,Thursday,College and Brock,Investigation,13,17,E/B,4135
2015/03/05,505,8:08:00 AM,Thursday,Broadview and Dundas,Mechanical,6,12,E/B,4158
2015/03/05,510,9:20:00 AM,Thursday,King & Spadina,Mechanical,3,5,S/B,4005
2015/03/05,504,10:48:00 AM,Thursday,Queen and Sumach,Held By,11,15,W/B,4169
2015/03/05,512,1:25:00 PM,Thursday,St. Clair and Avennue Rd.,Investigation,31,35,E/B,4115
2015/03/05,502,1:47:00 PM,Thursday,Mcaul and Queen,Held By,53,68,S/B,4055
2015/03/05,506,2:47:00 PM,Thursday,Carlton and Parliament,Investigation,95,100,W/B,4039
2015/03/05,511,2:53:00 PM,Thursday,Bathurst Station,Utilized Off Route,6,12,N/B,4043
2015/03/05,504,3:08:00 PM,Thursday,,Mechanical,4,8,W/B,4183
2015/03/05,7,3:29:00 PM,Thursday,Yonge and Dundas,Held By,33,38,W/B,4125
2015/03/05,505,3:31:00 PM,Thursday,Dundas and Yonge,Held By,18,23,W/B,4057
2015/03/05,504,3:54:00 PM,Thursday,Queen @ Ronc.,Mechanical,4,8,W/B,4089
2015/03/05,506,4:02:00 PM,Thursday,Gerrard and Kingsmount,Held By,3,8,W/B,4189
2015/03/05,505,4:03:00 PM,Thursday,Dundas and Howard Park,Mechanical,5,11,W/B,4048
2015/03/05,511,4:03:00 PM,Thursday,CNE Eastern Entrance,Mechanical,6,6,N/B,4167
2015/03/05,511,4:10:00 PM,Thursday,Fleet Loop - exiting,Mechanical,11,17,W/B,4167
2015/03/05,504,4:19:00 PM,Thursday,Broadview and Queen,Late Leaving Garage,4,8,W/B,4224
2015/03/05,502,4:51:00 PM,Thursday,Queen and Connaught.,Investigation,16,32,E/B,4182
2015/03/05,506,5:16:00 PM,Thursday,College and Brock,Held By,5,11,E/B,4170
2015/03/05,505,6:46:00 PM,Thursday,Dundas and Ossington,Mechanical,5,10,E/B,4107
2015/03/05,506,7:05:00 PM,Thursday,College and Lansdowne,Investigation,0,0,W/B,4011
2015/03/05,506,8:28:00 PM,Thursday,Colelge and Elizabeth,Mechanical,38,45,W/B,4018
2015/03/05,511,9:00:00 PM,Thursday,CNE Eastern Entrance,Mechanical,8,8,N/B,4207
2015/03/05,506,9:09:00 PM,Thursday,Dundas and Spadina,Mechanical,5,12,W/B,4066
2015/03/05,506,10:26:00 PM,Thursday,Carlaw and Gerrard,Investigation,28,35,E/B,4162
2015/03/05,501,11:59:00 PM,Thursday,Kingston Rd and Queen,Mechanical,9,18,E/B,4112
2015/03/06,301,1:47:00 AM,Friday,River and Queen,Mechanical,9,18,W/B,4073
2015/03/06,505,5:21:00 AM,Friday,Dundas at Broadview,Late Leaving Garage,8,0,W/B,4045
2015/03/06,512,5:28:00 AM,Friday,St. Clair/Earlscourt,Mechanical,8,15,W/B,4195
2015/03/06,506,6:19:00 AM,Friday,Coxwell at Lower Gerrard,Late Leaving Garage,6,2,W/B,4117
2015/03/06,501,6:24:00 AM,Friday,Queen at Connaught,Late Leaving Garage,4,8,W/B,4215
2015/03/06,506,6:29:00 AM,Friday,Coxwell at Lower Gerrard,Late Leaving Garage,4,7,W/B,4011
2015/03/06,511,6:30:00 AM,Friday,King @ Bathurst,Mechanical,4,8,E/B,4239
2015/03/06,501,6:43:00 AM,Friday,Queen at Connaught,Late Leaving Garage,5,10,E/B,4190
2015/03/06,510,7:16:00 AM,Friday,King @ Spadina,Utilized Off Route,3,5,E/B,4150
2015/03/06,510,7:24:00 AM,Friday,King @ Spadina,Utilized Off Route,3,5,E/B,4191
2015/03/06,506,8:34:00 AM,Friday,College and Duffrin,Investigation,22,26,E/B,4077
2015/03/06,501,9:23:00 AM,Friday,Queen St. E. at Waverley.,Investigation,18,23,E/B,4066
2015/03/06,505,9:27:00 AM,Friday,Beaconsfield and Dundas,Investigation,27,33,E/B,4138
2015/03/06,506,9:32:00 AM,Friday,Gerrard and Parliament,Investigation,4,8,W/B,4158
2015/03/06,511,10:04:00 AM,Friday,Bathurst Stn,General Delay,9,15,S/B,4014
2015/03/06,509,10:10:00 AM,Friday,Fleet & Bathurst,General Delay,7,15,E/B,4192
2015/03/06,501,10:44:00 AM,Friday,Queen St. E. at Sumach.,Held By,15,25,W/B,4227
2015/03/06,502,10:49:00 AM,Friday,Queen/River,Held By,10,26,W/B,4162
2015/03/06,501,12:40:00 PM,Friday,Queen at Connaught,Mechanical,5,10,E/B,4230
2015/03/06,504,12:40:00 PM,Friday,bathurst & king,Mechanical,9,18,W/B,4134
2015/03/06,501,2:03:00 PM,Friday,Quen at Bathurst,Mechanical,5,10,W/B,4112
2015/03/06,504,2:22:00 PM,Friday,Queen @ Broadview,Held By,4,8,W/B,4078
2015/03/06,506,3:44:00 PM,Friday,Lansdowne & collage,Mechanical,7,14,W/B,4081
2015/03/06,502,3:50:00 PM,Friday,Queen and Yonge,Mechanical,16,32,W/B,4038
2015/03/06,504,3:57:00 PM,Friday,Broadview @ Queen,Mechanical,4,8,W/B,4127
2015/03/06,504,4:06:00 PM,Friday,Queen @ Parliament,Investigation,8,12,W/B,4179
2015/03/06,501,4:22:00 PM,Friday,Lakeshore at Kipling,Mechanical,10,20,W/B,4207
2015/03/06,504,4:29:00 PM,Friday,Broadview @ Dundas,Held By,7,11,W/B,4015
2015/03/06,505,4:29:00 PM,Friday,Broadview and Dundas,Investigation,7,12,W/B,4133
2015/03/06,501,4:42:00 PM,Friday,Queen at Yonge,Mechanical,5,10,W/B,4211
2015/03/06,501,4:50:00 PM,Friday,Humber loop,Mechanical,5,10,E/B,4239
2015/03/06,502,4:51:00 PM,Friday,McCaul and Queen,Investigation,68,84,S/B,4162
2015/03/06,501,6:05:00 PM,Friday,Queensway at Southport,Mechanical,5,10,E/B,4220
2015/03/06,501,6:36:00 PM,Friday,Queen at Lansdowne,Mechanical,5,10,W/B,4223
2015/03/06,501,7:44:00 PM,Friday,Queen at Broadview,Mechanical,6,11,W/B,4243
2015/03/06,501,7:52:00 PM,Friday,Queen at Roncesvalles,Mechanical,6,11,W/B,4112
2015/03/06,501,7:55:00 PM,Friday,Queen at Carlaw,Mechanical,15,21,E/B,4098
2015/03/06,511,8:33:00 PM,Friday,Queen & Bathurst,Mechanical,8,16,N/B,4073
2015/03/06,506,9:42:00 PM,Friday,coxwell & Gerarrd,Investigation,7,14,E/B,4106
2015/03/06,504,10:17:00 PM,Friday,King and Strachan,Held By,18,23,E/B,4179
2015/03/06,506,10:28:00 PM,Friday,highpark loop,Investigation,8,16,W/B,4059
2015/03/06,506,11:30:00 PM,Friday,upper gerarrd & coxwell,Investigation,11,22,E/B,4067
2015/03/07,512,2:05:00 AM,Saturday,King and Tecumseth,Investigation,38,0,W/B,4099
2015/03/07,501,5:03:00 AM,Saturday,Roncesvalles and Queensway,Mechanical,15,30,W/B,4218
2015/03/07,510,8:32:00 AM,Saturday,RONCEVALLES YARD,Late Leaving Garage,12,4,E/B,4403
2015/03/07,512,8:58:00 AM,Saturday,St Clair and Bathurst,Mechanical,7,13,W/B,4171
2015/03/07,512,9:08:00 AM,Saturday,St Clair and Bathurst,Held By,6,12,E/B,4153
2015/03/07,501,11:10:00 AM,Saturday,Queensway and Roncesvalles.,Mechanical,5,10,E/B,4205
2015/03/07,505,11:35:00 AM,Saturday,RUSSELL YARD,Late Leaving Garage,8,10,W/B,4179
2015/03/07,501,11:40:00 AM,Saturday,Queensway and Humber Loop,Mechanical,5,10,E/B,4044
2015/03/07,505,12:21:00 PM,Saturday,OSSINGTON and DUNCAS,Held By,15,20,E/B,4120
2015/03/07,504,12:55:00 PM,Saturday,Dundas West Station,Mechanical,4,8,E/B,4180
2015/03/07,505,2:15:00 PM,Saturday,PARLIAMENT and DUNDAS,Mechanical,5,10,E/B,4040
2015/03/07,501,2:47:00 PM,Saturday,Queen @ Shaw,Mechanical,6,12,W/B,4207
2015/03/07,510,2:56:00 PM,Saturday,Spadina and Adelaide,Mechanical,4,9,S/B,4182
2015/03/07,501,2:59:00 PM,Saturday,Queen @ Ronc,Mechanical,6,12,E/B,4242
2015/03/07,504,3:58:00 PM,Saturday,King and Dowling,Mechanical,4,8,E/B,4084
2015/03/07,504,5:38:00 PM,Saturday,Jameson and King,Mechanical,12,23,W/B,4095
2015/03/07,501,6:25:00 PM,Saturday,Queen East @ Beech,Investigation,28,34,E/B,4222
2015/03/07,505,7:43:00 PM,Saturday,Dundas and River,Mechanical,6,36,W/B,4029
2015/03/07,505,7:50:00 PM,Saturday,Gerrard and Broadview,Diversion,14,27,W/B,4101
2015/03/07,504,7:52:00 PM,Saturday,Lansdowne - St.Clair,Mechanical,3,6,W/B,4160
2015/03/07,504,8:04:00 PM,Saturday,Broadview Station,Mechanical,7,14,W/B,4011
2015/03/07,510,11:13:00 PM,Saturday,King and Spadina,Diversion,12,24,S/B,4046
2015/03/07,510,11:13:00 PM,Saturday,King and Spadina,Held By,12,24,S/B,4046
2015/03/08,504,3:34:00 AM,Sunday,King and Spadina,Investigation,31,46,E/B,4016
2015/03/08,301,4:35:00 AM,Sunday,Queen at Bathurst,Mechanical,30,60,W/B,4111
2015/03/08,506,5:29:00 AM,Sunday,Russell  Yard -track#10,Mechanical,8,23,E/B,4081
2015/03/08,501,6:10:00 AM,Sunday,Queen atv Woodbine,Mechanical,10,20,E/B,4241
2015/03/08,501,6:17:00 AM,Sunday,Roncesvalles carhouse,Mechanical,10,20,W/B,4220
2015/03/08,504,9:31:00 AM,Sunday,Roncy yard,Late Leaving Garage,6,11,W/B,4041
2015/03/08,504,9:51:00 AM,Sunday,Russell yard,Mechanical,6,12,E/B,4175
2015/03/08,510,10:42:00 AM,Sunday,CHARLOTTE and KING,Mechanical,2,4,S/B,4163
2015/03/08,505,11:17:00 AM,Sunday,RUSSELL YARD,Mechanical,6,10,W/B,4135
2015/03/08,501,11:25:00 AM,Sunday,Russel yard,Mechanical,9,16,E/B,4248
2015/03/08,505,11:30:00 AM,Sunday,RUSSELL YARD,Late Leaving Garage,6,12,W/B,4117
2015/03/08,509,11:32:00 AM,Sunday,Russell carhouse,Held By,5,10,W/B,4090
2015/03/08,511,11:39:00 AM,Sunday,Roncy carhouse,Mechanical,3,6,E/B,4068
2015/03/08,509,11:41:00 AM,Sunday,Russell carhouse,Held By,5,10,W/B,4170
2015/03/08,501,11:41:00 AM,Sunday,Russell yard,Mechanical,7,13,E/B,4227
2015/03/08,501,12:08:00 PM,Sunday,Russell Yard,Mechanical,6,12,E/B,4237
2015/03/08,512,12:55:00 PM,Sunday,Gunn's Loop,Mechanical,6,13,E/B,4194
2015/03/08,506,1:47:00 PM,Sunday,College and University,Held By,19,26,B/W,4179
2015/03/08,505,2:05:00 PM,Sunday,VICTORIA and DUNDAS,Investigation,5,10,E/B,4105
2015/03/08,511,2:30:00 PM,Sunday,Exhibition Loop,Mechanical,5,10,N/B,4071
2015/03/08,501,3:21:00 PM,Sunday,McCaul and Stephanie,Investigation,6,12,S/B,4132
2015/03/08,501,3:49:00 PM,Sunday,Queen St. W. at Roncesvalles,Mechanical,10,20,W/B,4238
2015/03/08,510,4:16:00 PM,Sunday,Spadina Stn,Mechanical,2,4,S/B,4118
2015/03/08,501,4:55:00 PM,Sunday,Queen St. W. at Bathurst St.,Emergency Services,6,11,E/B,4215
2015/03/08,501,5:43:00 PM,Sunday,Queensway at Colbourne Lodge,Mechanical,6,12,E/B,4137
2015/03/08,501,7:58:00 PM,Sunday,Queen St. W. at Shaw St.,Mechanical,38,44,W/B,4215
2015/03/08,512,8:11:00 PM,Sunday,Old Weston Road and St.Clair Ave.,Held By,110,114,W/B,4189
2015/03/08,501,10:44:00 PM,Sunday,Queen and McCaul,Held By,10,40,W/B,4228
2015/03/09,506,5:23:00 AM,Monday,Roncy yard,Mechanical,4,8,W/B,4180
2015/03/09,501,5:29:00 AM,Monday,Roncesvalles at Queen,Mechanical,6,12,W/B,4220
2015/03/09,511,5:34:00 AM,Monday,Fleet St. west of Bathurst.,Diversion,57,0,B/W,4118
2015/03/09,509,5:44:00 AM,Monday,Fleet St..  West of Bathurst.,Diversion,47,0,B/W,4079
2015/03/09,506,5:45:00 AM,Monday,Coxwell at Lower Gerrard,Late Leaving Garage,3,7,W/B,4187
2015/03/09,506,5:45:00 AM,Monday,Coxwell at Lower Gerrard,Late Leaving Garage,3,6,W/B,4067
2015/03/09,501,5:47:00 AM,Monday,Queen at Connaught,Late Leaving Garage,7,12,E/B,4216
2015/03/09,511,5:50:00 AM,Monday,Bathurst and Fleet,Investigation,5,10,S/B,4190
2015/03/09,505,5:54:00 AM,Monday,Dundas at Broadview,Late Leaving Garage,6,11,E/B,4049
2015/03/09,505,6:14:00 AM,Monday,Broadview at Dundas,Late Leaving Garage,2,7,W/B,4143
2015/03/09,505,6:58:00 AM,Monday,Dundas at Broadview,Late Leaving Garage,5,10,E/B,4089
2015/03/09,510,7:04:00 AM,Monday,Spadina at King,Mechanical,3,6,N/B,4196
2015/03/09,505,7:11:00 AM,Monday,Parliament and Dundas,Mechanical,6,12,W/B,4089
2015/03/09,509,7:27:00 AM,Monday,Bathurst @ Fleet,Mechanical,13,18,N/B,4132
2015/03/09,511,7:32:00 AM,Monday,CNE Loop,Utilized Off Route,6,12,E/B,4074
2015/03/09,509,7:32:00 AM,Monday,Bathurst @ Fleet,Mechanical,8,13,N/B,4144
2015/03/09,506,7:34:00 AM,Monday,Lansdowne loop,Mechanical,3,6,W/B,4063
2015/03/09,511,7:37:00 AM,Monday,CNE Loop,Utilized Off Route,6,12,E/B,4193
2015/03/09,511,7:50:00 AM,Monday,CNE Loop to Bathurst Stn,General Delay,10,17,B/W,
2015/03/09,511,7:54:00 AM,Monday,CNE Loop,Utilized Off Route,6,12,E/B,4182
2015/03/09,505,9:27:00 AM,Monday,Landsdowne and Dundas.,Mechanical,6,12,W/B,4089
2015/03/09,510,10:09:00 AM,Monday,Union Stn,Mechanical,4,11,W/B,4403
2015/03/09,502,10:49:00 AM,Monday,McCaul and Queen,Held By,20,36,S/B,418
2015/03/09,805,12:02:00 PM,Monday,Mc Caul and College,Investigation,1,1,S/B,4108
2015/03/09,506,1:07:00 PM,Monday,Spadina and College,Mechanical,5,9,W/B,4139
2015/03/09,510,3:10:00 PM,Monday,NASSAU and SPADINA,Investigation,33,35,N/B,4403
2015/03/09,502,3:29:00 PM,Monday,McCaul and Queen,Held By,29,45,S/B,4042
2015/03/09,501,3:55:00 PM,Monday,Humber loop,Mechanical,5,10,E/B,4242
2015/03/09,509,4:06:00 PM,Monday,QUEENS QUAY and SPADINA,Mechanical,6,12,W/B,4187
2015/03/09,509,4:37:00 PM,Monday,FERRY DOCKS in UNION TUNNEL,Held By,19,25,E/B,4119
2015/03/09,510,4:37:00 PM,Monday,QUEENS QUAY TUNNEL,Held By,19,21,S/B,4129
2015/03/09,501,5:04:00 PM,Monday,Queen at Leslie,Mechanical,5,10,E/B,4239
2015/03/09,501,5:10:00 PM,Monday,Queensway at Roncesvalles,Mechanical,5,10,E/B,4208
2015/03/09,505,5:22:00 PM,Monday,Dundas West Stn,Mechanical,5,10,E/B,4059
2015/03/09,501,6:30:00 PM,Monday,Queen at Lansdowne,Investigation,7,13,W/B,421
2015/03/09,506,8:58:00 PM,Monday,Carlton near Jarvis,Emergency Services,49,56,W/B,4057
2015/03/10,510,12:11:00 AM,Tuesday,Spadina Station,Mechanical,6,12,S/B,4405
2015/03/10,509,5:41:00 AM,Tuesday,Bathurst at Fleet.,Late Leaving Garage,4,0,W/B,4187
2015/03/10,506,5:51:00 AM,Tuesday,Lower Gerrard at Coxwell,Late Leaving Garage,3,7,W/B,4192
2015/03/10,505,5:59:00 AM,Tuesday,Dundas at Broadview,Late Leaving Garage,5,10,E/B,4058
2015/03/10,501,6:01:00 AM,Tuesday,Roncesvalles at Queen,Late Leaving Garage,5,11,W/B,4227
2015/03/10,509,6:04:00 AM,Tuesday,Bathurst  at Fleet,Late Leaving Garage,10,13,W/B,4185
2015/03/10,509,6:17:00 AM,Tuesday,Bathurst at Fleet,Late Leaving Garage,6,15,W/B,4067
2015/03/10,508,6:39:00 AM,Tuesday,Lakeshore and Parklawn,Mechanical,12,0,W/B,4206
2015/03/10,504,6:47:00 AM,Tuesday,Queen at Roncesvalles,Late Leaving Garage,4,8,N/B,4118
2015/03/10,510,7:01:00 AM,Tuesday,Spadina at King.,Late Leaving Garage,3,6,N/B,4100
2015/03/10,510,7:05:00 AM,Tuesday,Spadina @ King,Mechanical,3,5,S/B,4047
2015/03/10,505,8:17:00 AM,Tuesday,Spadina and Dundas,Mechanical,64,71,E/B,4072
2015/03/10,505,8:30:00 AM,Tuesday,Broadview stn to dundas west stn,General Delay,15,22,B/W,
2015/03/10,511,9:00:00 AM,Tuesday,CNE Loop,Utilized Off Route,6,12,E/B,4147
2015/03/10,502,9:13:00 AM,Tuesday,Queen/Carlaw,Mechanical,12,24,W/B,4140
2015/03/10,506,9:14:00 AM,Tuesday,College and McCaul,Investigation,5,10,E/B,4053
2015/03/10,504,9:55:00 AM,Tuesday,Queen and Parliament,Investigation,4,8,W/B,4041
2015/03/10,502,10:21:00 AM,Tuesday,McCaul Loop,Held By,18,30,W/B,4036
2015/03/10,501,10:49:00 AM,Tuesday,McCaul south of McCaul Loop.,Investigation,39,0,S/B,4003
2015/03/10,502,10:50:00 AM,Tuesday,Mccaul Loop,Held By,46,62,E/B,4135
2015/03/10,501,11:13:00 AM,Tuesday,Cowan to Yonge.,Held By,38,44,E/B,4218
2015/03/10,510,12:05:00 PM,Tuesday,Spadina @ Queen,Held By,5,10,B/W,4091
2015/03/10,501,12:11:00 PM,Tuesday,King at York,Investigation,5,10,E/B,4215
2015/03/10,504,12:11:00 PM,Tuesday,King @York,Held By,49,53,E/B,4142
2015/03/10,501,1:00:00 PM,Tuesday,Roncesvalles yard,Mechanical,5,10,W/B,4200
2015/03/10,506,1:22:00 PM,Tuesday,Main Station,Mechanical,5,10,W/B,4048
2015/03/10,504,2:24:00 PM,Tuesday,Russell carhouse,Held By,4,8,E/B,4035
2015/03/10,510,2:30:00 PM,Tuesday,Queen's Quay and Rees St.,Investigation,7,14,E/B,4065
2015/03/10,504,2:49:00 PM,Tuesday,Dundas W. Stn,Investigation,5,10,E/B,1420
2015/03/10,505,2:50:00 PM,Tuesday,Dundas West STN,Investigation,6,11,E/B,4180
2015/03/10,504,4:31:00 PM,Tuesday,King @ Sudbury,Investigation,5,10,E/B,7773
2015/03/10,511,4:31:00 PM,Tuesday,Bathurst Station,Utilized Off Route,5,10,N/B,4115
2015/03/10,510,5:07:00 PM,Tuesday,Spadina and Queen,Utilized Off Route,3,6,N/B,4173
2015/03/10,510,5:12:00 PM,Tuesday,Spadina and King,Mechanical,15,18,S/B,4018
2015/03/10,510,5:15:00 PM,Tuesday,Spadina and King,Utilized Off Route,3,6,S/B,4065
2015/03/10,501,5:21:00 PM,Tuesday,Queen at Kingston,Investigation,9,13,E/B,4205
2015/03/10,503,5:21:00 PM,Tuesday,Queen and Kingston Rd.,Investigation,10,25,E/B,4135
2015/03/10,504,5:51:00 PM,Tuesday,King @ Strachan,Investigation,69,73,E/B,4181
2015/03/10,505,6:04:00 PM,Tuesday,Dundas and Richie,Held By,16,21,B/W,4106
2015/03/10,509,6:23:00 PM,Tuesday,Fleet St. and Stadium Rd,Mechanical,23,28,S/B,4185
2015/03/10,504,6:51:00 PM,Tuesday,King @ John,Investigation,4,8,E/B,4016
2015/03/10,505,7:45:00 PM,Tuesday,Dundas and Bathurst,Emergency Services,11,16,B/W,4059
2015/03/10,505,9:42:00 PM,Tuesday,Dundas West STN,Held By,5,13,W/B,4077
2015/03/11,501,5:33:00 AM,Wednesday,Queen at Connaught,Late Leaving Garage,8,10,W/B,4219
2015/03/11,501,5:47:00 AM,Wednesday,Queen at Connaught,Late Leaving Garage,7,12,E/B,4238
2015/03/11,501,5:52:00 AM,Wednesday,Queen at Connaught,Late Leaving Garage,5,10,E/B,4212
2015/03/11,501,6:05:00 AM,Wednesday,Queen at Connaught,Late Leaving Garage,5,10,E/B,4202
2015/03/11,501,6:08:00 AM,Wednesday,Queen at Connaught,Late Leaving Garage,3,7,W/B,4218
2015/03/11,506,6:09:00 AM,Wednesday,Coxwell at Lower Gerrard,Late Leaving Garage,2,4,W/B,4042
2015/03/11,506,6:14:00 AM,Wednesday,Coxwell at Lower Gerrard,Late Leaving Garage,2,6,W/B,4002
2015/03/11,502,6:15:00 AM,Wednesday,Queen at Connaught,Late Leaving Garage,12,24,E/B,4087
2015/03/11,505,6:16:00 AM,Wednesday,Dundas at Broadview,Late Leaving Garage,6,11,E/B,4040
2015/03/11,504,6:18:00 AM,Wednesday,King and Bathurst,Mechanical,8,15,W/B,4054
2015/03/11,506,6:23:00 AM,Wednesday,Lower Gerrard at Coxwell,Late Leaving Garage,4,8,E/B,4139
2015/03/11,505,6:27:00 AM,Wednesday,Dundas at Broadview,Late Leaving Garage,5,11,E/B,4029
2015/03/11,506,6:27:00 AM,Wednesday,Lower Gerrard at Coxwell,Late Leaving Garage,4,8,E/B,4114
2015/03/11,506,6:29:00 AM,Wednesday,Coxwell at Lower Gerrard,Late Leaving Garage,4,7,W/B,4028
2015/03/11,503,6:30:00 AM,Wednesday,Queen at Connaught,Late Leaving Garage,25,0,E/B,4003
2015/03/11,503,6:33:00 AM,Wednesday,Queen at Connaught,Late Leaving Garage,12,26,E/B,4076
2015/03/11,501,6:39:00 AM,Wednesday,Queen at Connaught,Late Leaving Garage,2,5,W/B,4228
2015/03/11,505,6:42:00 AM,Wednesday,Dundas at Broadview,Late Leaving Garage,5,10,E/B,4068
2015/03/11,501,6:44:00 AM,Wednesday,Queen at Connaught,Late Leaving Garage,4,10,E/B,4209
2015/03/11,509,6:50:00 AM,Wednesday,,Late Leaving Garage,5,10,W/B,4043
2015/03/11,511,6:58:00 AM,Wednesday,Bathurst @ King,Mechanical,18,24,S/B,4239
2015/03/11,511,7:04:00 AM,Wednesday,Bathurst @ King,Mechanical,12,18,S/B,4142
2015/03/11,505,7:46:00 AM,Wednesday,Church and Dundas,Investigation,28,34,W/B,4023
2015/03/11,506,8:00:00 AM,Wednesday,High Park Loop,Mechanical,5,9,E/B,4149
2015/03/11,505,8:06:00 AM,Wednesday,Parliament and Queen,Mechanical,11,18,W/B,4050
2015/03/11,501,8:09:00 AM,Wednesday,Queen St. E. west of Parliament.,Held By,20,25,W/B,4211
2015/03/11,511,8:38:00 AM,Wednesday,Bathurst & Fleet,Utilized Off Route,6,12,E/B,4021
2015/03/11,505,9:23:00 AM,Wednesday,Roncesvalles and Dundas,Investigation,6,12,E/B,4080
2015/03/11,505,9:26:00 AM,Wednesday,Mc Caul and Dundas,Held By,9,20,W/B,4011
2015/03/11,506,9:38:00 AM,Wednesday,College and Brock,Investigation,4,8,E/B,4183
2015/03/11,505,10:20:00 AM,Wednesday,Landsdowne and Dundas,Mechanical,6,12,E/B,4096
2015/03/11,506,11:49:00 AM,Wednesday,College and Spadina,Mechanical,20,25,W/B,4018
2015/03/11,501,12:15:00 PM,Wednesday,Queensway at Colborne Lodge,Mechanical,17,35,W/B,4246
2015/03/11,504,12:58:00 PM,Wednesday,King @ Bathurst,Mechanical,4,8,W/B,4141
2015/03/11,511,1:54:00 PM,Wednesday,Exhibition Loop,Investigation,219,224,E/B,4162
2015/03/11,509,1:54:00 PM,Wednesday,Exhibition Loop,Diversion,219,225,E/B,4048
2015/03/11,509,1:56:00 PM,Wednesday,Exhibition Loop,Held By,5,10,E/B,4048
2015/03/11,511,1:56:00 PM,Wednesday,Exhibition Loop,Held By,6,12,E/B,4021
2015/03/11,506,2:05:00 PM,Wednesday,Howard Park and Roncesvalles,Mechanical,506,13,W/B,4149
2015/03/11,504,2:37:00 PM,Wednesday,Broadview Stn.,Mechanical,8,12,W/B,4047
2015/03/11,504,2:57:00 PM,Wednesday,King @ Roncesvalles,Mechanical,4,8,W/B,4131
2015/03/11,504,3:21:00 PM,Wednesday,Queen @ Roncesvalles,Held By,4,8,W/B,4148
2015/03/11,506,4:21:00 PM,Wednesday,Coxwell at Lower Gerrard,Mechanical,5,10,W/B,4133
2015/03/11,502,4:27:00 PM,Wednesday,Kingston Rd. and Woodbine,Held By,29,45,E/B,4087
2015/03/11,503,5:20:00 PM,Wednesday,Church and King,Investigation,49,63,S/B,4003
2015/03/11,511,5:54:00 PM,Wednesday,Bathurst and Front,Mechanical,37,42,S/B,4027
2015/03/11,510,6:36:00 PM,Wednesday,Spadina and Queen,Utilized Off Route,3,6,N/B,4157
2015/03/11,504,6:40:00 PM,Wednesday,King and Bathurst,Utilized Off Route,3,6,W/B,1055
2015/03/11,504,6:55:00 PM,Wednesday,King @ Roncesvalles,Mechanical,4,8,W/B,4115
2015/03/11,506,7:44:00 PM,Wednesday,Gerrard east of Broadview,Investigation,62,67,E/B,4118
2015/03/11,512,9:03:00 PM,Wednesday,St. Clair West STN,Mechanical,6,12,E/B,4073
2015/03/11,501,11:34:00 PM,Wednesday,Glendale and Queen,Held By,28,37,B/W,4244
2015/03/12,512,12:28:00 AM,Thursday,St Clair and Bathurst,Mechanical,10,20,E/B,4022
2015/03/12,501,5:09:00 AM,Thursday,Queen at Roncesvalles,Late Leaving Garage,6,12,W/B,4246
2015/03/12,504,5:30:00 AM,Thursday,Roncesvalles at Queen,Mechanical,4,8,N/B,4112
2015/03/12,501,6:03:00 AM,Thursday,Lakeshore Blvd. W. at Mimico Ave.,Mechanical,24,34,E/B,4246
2015/03/12,506,6:42:00 AM,Thursday,Gerrard and Greenwood,Mechanical,4,8,W/B,4136
2015/03/12,505,6:58:00 AM,Thursday,,Late Leaving Garage,5,10,E/B,4110
2015/03/12,508,7:23:00 AM,Thursday,Queen at Roncesvalles,Late Leaving Garage,12,24,W/B,4238
2015/03/12,510,7:24:00 AM,Thursday,Spadina at King,Late Leaving Garage,3,6,N/B,4048
2015/03/12,502,7:47:00 AM,Thursday,Queen and Kingston Road,Investigation,12,24,E/B,4031
2015/03/12,511,7:47:00 AM,Thursday,CNE Loop,Utilized Off Route,4,8,E/B,4059
2015/03/12,501,7:51:00 AM,Thursday,queen St. E. at Kingston Rd.,Held By,7,12,E/B,4237
2015/03/12,501,8:02:00 AM,Thursday,Main Station,Mechanical,4,8,W/B,4108
2015/03/12,510,8:08:00 AM,Thursday,Spadina south of College,Investigation,332,336,S/B,4117
2015/03/12,505,8:15:00 AM,Thursday,Gerrard and Broadview,Investigation,10,17,E/B,4002
2015/03/12,505,8:15:00 AM,Thursday,Broadview stn to dundas west stn,General Delay,10,17,B/W,
2015/03/12,504,8:16:00 AM,Thursday,Broadview and Dundas,Investigation,9,13,E/B,4180
2015/03/12,506,8:30:00 AM,Thursday,High Park to Main Station,General Delay,12,25,B/W,
2015/03/12,510,8:32:00 AM,Thursday,Spadina @ Dundas,Mechanical,17,21,S/B,4022
2015/03/12,510,8:36:00 AM,Thursday,Spadina @ Dundas,Utilized Off Route,0,0,S/B,4014
2015/03/12,511,9:00:00 AM,Thursday,CNE Loop,Utilized Off Route,6,12,E/B,4084
2015/03/12,501,9:19:00 AM,Thursday,Lakeshore Blvd. W. at Burlington St.,Mechanical,19,30,W/B,4220
2015/03/12,510,10:43:00 AM,Thursday,College @ Borden,Investigation,36,40,W/B,4066
2015/03/12,506,10:46:00 AM,Thursday,College and Borden,Held By,36,41,W/B,4144
2015/03/12,50,11:37:00 AM,Thursday,King and John,Held By,10,14,W/B,4109
2015/03/12,511,11:43:00 AM,Thursday,Bathurst and Queen,Investigation,16,21,S/B,4222
2015/03/12,509,1:22:00 PM,Thursday,Spadina & Queens Quay,Mechanical,8,16,W/B,4145
2015/03/12,511,2:14:00 PM,Thursday,Exhibition Loop,Mechanical,6,12,E/B,4211
2015/03/12,511,2:14:00 PM,Thursday,Fleet & Bathurst,Mechanical,6,12,E/B,4211
2015/03/12,502,2:19:00 PM,Thursday,McCaul and Queen,Held By,87,102,S/B,4100
2015/03/12,509,3:00:00 PM,Thursday,Union Loop to Exhibition Loop,General Delay,6,6,B/W,
2015/03/12,511,3:00:00 PM,Thursday,Bathurst Station to Exhibition Loop,General Delay,5,6,B/W,
2015/03/12,501,8:56:00 PM,Thursday,Lansdowne and Queen,Mechanical,6,12,W/B,4247
2015/03/12,504,11:26:00 PM,Thursday,Queen and River,Investigation,7,15,E/B,4079
2015/03/12,501,11:28:00 PM,Thursday,Queen and River,Held By,5,14,E/B,4217
2015/03/13,501,2:01:00 AM,Friday,Broadview and Queen,Held By,11,20,B/W,4127
2015/03/13,504,2:01:00 AM,Friday,Broadview and Queen,Mechanical,11,15,W/B,4136
2015/03/13,501,5:02:00 AM,Friday,Queen at Roncesvalles,Late Leaving Garage,6,11,W/B,4211
2015/03/13,506,5:48:00 AM,Friday,Howard park at Roncesvalles,Late Leaving Garage,6,12,E/B,4067
2015/03/13,505,6:12:00 AM,Friday,Broadview at Dundas,Late Leaving Garage,2,7,W/B,4005
2015/03/13,501,6:35:00 AM,Friday,Queen St. E. at Woodbine.,Mechanical,123,18,E/B,4223
2015/03/13,504,6:40:00 AM,Friday,Roncesvalles at Queen,Mechanical,5,9,N/B,4048
2015/03/13,506,6:45:00 AM,Friday,Gerrard and Broadview,Investigation,8,12,W/B,4135
2015/03/13,509,6:52:00 AM,Friday,Bathurst at Fleet,Late Leaving Garage,5,10,W/B,4169
2015/03/13,505,6:58:00 AM,Friday,Broadview at Dundas,Late Leaving Garage,5,10,W/B,4000
2015/03/13,501,7:11:00 AM,Friday,Queen St. E. at Silverbirch.,Mechanical,26,31,E/B,4246
2015/03/13,512,8:11:00 AM,Friday,St Clair and Wychwood,Mechanical,7,10,W/B,4175
2015/03/13,511,8:15:00 AM,Friday,CNE Loop,Utilized Off Route,4,8,E/B,4123
2015/03/13,510,8:40:00 AM,Friday,Queens Quay/Spadina Loop,Mechanical,2,4,S/B,4019
2015/03/13,502,9:06:00 AM,Friday,Victoria and Queen Street,Investigation,15,30,N/B,4170
2015/03/13,511,9:35:00 AM,Friday,Bathurst north of Fleet,Mechanical,6,12,N/B,4217
2015/03/13,506,1:03:00 PM,Friday,College and Crawford,Mechanical,5,10,W/B,4112
2015/03/13,504,2:16:00 PM,Friday,braodveiew stn,Emergency Services,24,26,W/B,9
2015/03/13,501,2:38:00 PM,Friday,Queen and Connaught`,Mechanical,5,10,E/B,4214
2015/03/13,504,2:45:00 PM,Friday,roncesvalles and queen,Mechanical,2,4,N/B,4048
2015/03/13,504,2:52:00 PM,Friday,roncesvalles and queen,Mechanical,4,4,S/B,4037
2015/03/13,501,3:28:00 PM,Friday,Queen and Connaught,Mechanical,5,10,E/B,4207
2015/03/13,503,3:55:00 PM,Friday,Connaught and Queen,Held By,12,21,W/B,4143
2015/03/13,505,4:25:00 PM,Friday,Dundas and Bay,Mechanical,5,10,W/B,4151
2015/03/13,505,4:32:00 PM,Friday,Dundas West STN,Held By,7,13,E/B,4089
2015/03/13,504,4:32:00 PM,Friday,Dundas West Stn,Held By,5,9,N/B,4045
2015/03/13,501,5:48:00 PM,Friday,Queen and River,Investigation,40,45,W/B,4230
2015/03/13,504,5:53:00 PM,Friday,Queen @ River,Held By,35,39,W/B,4002
2015/03/13,512,6:03:00 PM,Friday,Gunns Loop,Mechanical,3,6,E/B,4040
2015/03/13,510,6:13:00 PM,Friday,Nassau and Spadina,Emergency Services,7,14,N/B,4154
2015/03/13,504,6:15:00 PM,Friday,Broadview @ Danforth,Held By,15,19,S/B,4129
2015/03/13,504,6:25:00 PM,Friday,King @ Parliament,Mechanical,4,8,E/B,4142
2015/03/13,506,7:43:00 PM,Friday,Parlament & Gerarrd,Diversion,20,27,E/B,4148
2015/03/13,504,7:48:00 PM,Friday,Broadview @ Langley,Held By,27,30,N/B,4161
2015/03/13,505,7:53:00 PM,Friday,Broadview and  Langly,Held By,23,28,N/B,4191
2015/03/13,501,8:21:00 PM,Friday,Lakeshore Blvd. and Park Lawn Ave.,Mechanical,12,24,W/B,4224
2015/03/13,501,11:52:00 PM,Friday,Humber Loop,Mechanical,9,18,E/B,4240
2015/03/14,501,12:28:00 AM,Saturday,Queen St. West and Gladstone Ave.,Mechanical,9,18,E/B,4235
2015/03/14,510,6:50:00 AM,Saturday,SPADINA and LAKESHORE,Held By,74,81,S/B,4177
2015/03/14,512,8:44:00 AM,Saturday,St Clair and Bathurst,Mechanical,8,13,W/B,4196
2015/03/14,511,9:00:00 AM,Saturday,Nassau and Bathurst,Held By,5,11,S/B,4085
2015/03/14,509,9:25:00 AM,Saturday,Exhibition Loop,Mechanical,10,20,E/B,4151
2015/03/14,505,11:16:00 AM,Saturday,RUSSELL YARD,Late Leaving Garage,5,10,W/B,4012
2015/03/14,505,11:21:00 AM,Saturday,UNIVERSITY and DUNDAS,Mechanical,5,10,W/B,4058
2015/03/14,505,11:35:00 AM,Saturday,DOVERCOURT and COLLEGE,Investigation,4,8,E/B,4014
2015/03/14,512,11:36:00 AM,Saturday,Lansdowne and St Clair West,Mechanical,6,12,W/B,4079
2015/03/14,501,11:43:00 AM,Saturday,Lakeshore and Hillside,Mechanical,20,30,W/B,4246
2015/03/14,511,11:44:00 AM,Saturday,Bathurst Station,Mechanical,6,11,S/B,4040
2015/03/14,512,11:54:00 AM,Saturday,Lansdowne and Dundas,Mechanical,3,6,N/B,4157
2015/03/14,512,12:27:00 PM,Saturday,St Clair W,Utilized Off Route,4,9,E/B,4171
2015/03/14,501,12:48:00 PM,Saturday,Sorauren and Queen,Emergency Services,15,20,W/B,4200
2015/03/14,504,1:02:00 PM,Saturday,Queen to Broadview,General Delay,4,19,E/B,4141
2015/03/14,511,1:07:00 PM,Saturday,Bathurst and Fleet,Held By,4,9,E/B,4084
2015/03/14,501,2:20:00 PM,Saturday,University and Queen,Held By,10,15,B/W,4215
2015/03/14,504,2:35:00 PM,Saturday,King and University,Held By,10,14,W/B,4073
2015/03/14,501,3:09:00 PM,Saturday,Neville Loop,Mechanical,5,10,W/B,4218
2015/03/14,501,3:15:00 PM,Saturday,Queen and Connaught,Mechanical,5,10,W/B,4244
2015/03/14,511,4:01:00 PM,Saturday,Bathurst Station,Mechanical,4,9,S/B,4185
2015/03/14,506,5:01:00 PM,Saturday,Broadview & Gerarrd,Mechanical,6,12,E/B,4045
2015/03/14,512,5:27:00 PM,Saturday,Ast Clair at Christie,Mechanical,5,9,W/B,4193
2015/03/14,512,5:45:00 PM,Saturday,St Clair West station,Mechanical,4,9,E/B,4190
2015/03/14,504,5:54:00 PM,Saturday,King at Shaw,Mechanical,5,10,E/B,4044
2015/03/14,512,6:13:00 PM,Saturday,St Clair at Oakwood,Mechanical,36,41,E/B,4193
2015/03/14,512,6:17:00 PM,Saturday,St Clair station,Mechanical,4,9,W/B,4164
2015/03/14,501,7:00:00 PM,Saturday,Queen and Close Ave.,Investigation,17,23,E/B,4241
2015/03/14,501,7:09:00 PM,Saturday,Kipling Loop,Mechanical,7,14,E/B,4228
2015/03/14,501,8:22:00 PM,Saturday,Queen St. West and Spadina Ave.,Investigation,25,33,E/B,4251
2015/03/14,501,9:29:00 PM,Saturday,Queen St. East and Neville Park Blvd,Investigation,17,26,E/B,4247
2015/03/14,511,9:32:00 PM,Saturday,fleet loop,Investigation,6,12,S/B,4166
2015/03/14,501,10:26:00 PM,Saturday,Queen St. West and Beaconsfield Rd.,Mechanical,9,18,W/B,4200
2015/03/14,510,10:34:00 PM,Saturday,Union Stn,Mechanical,8,16,N/B,4039
2015/03/14,501,11:23:00 PM,Saturday,Humber Loop,Investigation,18,36,W/B,4220
2015/03/15,301,3:08:00 AM,Sunday,Queen St. East and Willow Rd,Emergency Services,70,100,E/B,4248
2015/03/15,501,5:21:00 AM,Sunday,Queen and Kingston Road.,Mechanical,28,42,E/B,4227
2015/03/15,504,6:12:00 AM,Sunday,Broadview Stn,Mechanical,12,24,W/B,4149
2015/03/15,501,12:16:00 PM,Sunday,Queen at University,Diversion,163,168,E/B,4242
2015/03/15,506,1:50:00 PM,Sunday,Gerrard and Coxwell,Mechanical,8,16,E/B,4185
2015/03/15,501,2:18:00 PM,Sunday,King at Victoria,Mechanical,37,42,E/B,4235
2015/03/15,504,2:21:00 PM,Sunday,Victoria to DWS,Mechanical,12,18,W/B,4173
2015/03/15,510,5:20:00 PM,Sunday,King and Charlotte,Mechanical,7,14,N/B,4048
2015/03/15,501,5:43:00 PM,Sunday,Queen at Jones,Mechanical,5,10,E/B,4214
2015/03/15,504,5:49:00 PM,Sunday,Broadview Stn to Parliament,Mechanical,6,12,W/B,4077
2015/03/15,512,6:04:00 PM,Sunday,St.Clair and Vaughan,Mechanical,8,16,E/B,4180
2015/03/15,501,7:06:00 PM,Sunday,Queen at Shaw,Investigation,28,36,E/B,4207
2015/03/16,504,2:23:00 AM,Monday,Queen at Broadview,Late Leaving Garage,3,5,E/B,4005
2015/03/16,504,3:14:00 AM,Monday,Boadview and Queen,Mechanical,3,6,E/B,4093
2015/03/16,504,3:39:00 AM,Monday,Dundas West Stn,Held By,7,11,E/B,4040
2015/03/16,504,4:59:00 AM,Monday,Queen and River,Mechanical,39,42,E/B,4087
2015/03/16,501,5:27:00 AM,Monday,Queen at Connaught,Late Leaving Garage,10,20,E/B,4248
2015/03/16,511,5:30:00 AM,Monday,Bathurst and Ulster,Emergency Services,95,102,bs,4061
2015/03/16,512,5:32:00 AM,Monday,Bathurst and St. Clair,Emergency Services,91,94,N/B,4085
2015/03/16,506,5:39:00 AM,Monday,Coxwell at Lower Gerrard,Late Leaving Garage,7,21,W/B,4135
2015/03/16,506,5:49:00 AM,Monday,Lower Gerrard at Coxwell,Late Leaving Garage,6,10,E/B,4092
2015/03/16,505,5:49:00 AM,Monday,Dundas at Broadview,Late Leaving Garage,6,12,E/B,4013
2015/03/16,509,6:12:00 AM,Monday,Fleet at Bathurst,Late Leaving Garage,9,18,W/B,4072
2015/03/16,504,6:25:00 AM,Monday,Queen at Roncesvalles,Late Leaving Garage,4,8,N/B,4151
2015/03/16,506,6:30:00 AM,Monday,Lower Gerrard at Coxwell,Late Leaving Garage,4,7,E/B,4060
2015/03/16,504,6:41:00 AM,Monday,Queen at Broadview,Late Leaving Garage,4,8,E/B,4031
2015/03/16,505,6:42:00 AM,Monday,Dundas at Broadview,Late Leaving Garage,5,10,E/B,4022
2015/03/16,506,6:45:00 AM,Monday,Lower Gerrard at Coxwell,Late Leaving Garage,4,7,E/B,4153
2015/03/16,501,6:50:00 AM,Monday,Queen at Connaught,Late Leaving Garage,2,5,W/B,4138
2015/03/16,510,7:23:00 AM,Monday,King @ Dufferin,Mechanical,3,5,E/B,4057
2015/03/16,509,7:54:00 AM,Monday,Queens Quay East of Spadina,Held By,6,11,E/B,4058
2015/03/16,510,7:57:00 AM,Monday,Queens Quay East of Spadina,Held By,3,11,E/B,4019
2015/03/16,511,8:00:00 AM,Monday,CNE Loop,Utilized Off Route,5,10,E/B,4177
2015/03/16,501,8:34:00 AM,Monday,Lakeshore Blvd. W. at Park Lawn.,Held By,26,36,B/W,4244
2015/03/16,501,8:55:00 AM,Monday,Lakeshore Blvd. W. at Park Lawn.,Investigation,5,36,E/B,4138
2015/03/16,504,9:05:00 AM,Monday,King and John,Investigation,2,4,W/B,1533
2015/03/16,506,9:26:00 AM,Monday,High Park,Mechanical,4,8,E/B,4185
2015/03/16,509,10:00:00 AM,Monday,CNE Loop,Mechanical,5,10,E/B,4096
2015/03/16,501,10:02:00 AM,Monday,Queen St. E. at Kingston Rd.,Mechanical,13,29,W/B,4236
2015/03/16,505,10:33:00 AM,Monday,Broadview and Danfhort,Investigation,8,13,W/B,4143
2015/03/16,504,10:34:00 AM,Monday,Broadview and Danforth,Investigation,7,11,W/B,4142
2015/03/16,509,2:02:00 PM,Monday,Russell Yard,Late Leaving Garage,5,10,W/B,4000
2015/03/16,505,2:30:00 PM,Monday,Spadina and Dundas,Mechanical,10,17,W/B,4143
2015/03/16,512,2:34:00 PM,Monday,St. Clair and Bathurst,Investigation,5,10,W/B,4131
2015/03/16,505,3:00:00 PM,Monday,Russell Yard,Held By,5,10,W/B,4185
2015/03/16,505,3:43:00 PM,Monday,Dundas West Station,Held By,10,16,W/B,4106
2015/03/16,502,4:37:00 PM,Monday,Queen and Kingston Rd.,Mechanical,12,24,E/B,4139
2015/03/16,504,4:46:00 PM,Monday,Dundas West Stn,Mechanical,5,10,E/B,1509
2015/03/16,501,5:00:00 PM,Monday,River Street,Mechanical,12,17,E/B,4212
2015/03/16,502,5:06:00 PM,Monday,Queen and River,Held By,31,43,E/B,4105
2015/03/16,504,5:25:00 PM,Monday,Broadview Stn,Mechanical,5,10,W/B,7850
2015/03/16,505,5:54:00 PM,Monday,Spadina and Dundas,Mechanical,22,28,E/B,4018
2015/03/16,505,6:00:00 PM,Monday,Bathusrt and Dundas,Diversion,22,28,E/B,4003
2015/03/16,505,6:00:00 PM,Monday,Spadina and Dundas,Utilized Off Route,22,28,E/B,4106
2015/03/16,512,6:44:00 PM,Monday,St. Clair and Old Weston,Emergency Services,30,5,W/B,512
2015/03/16,504,6:49:00 PM,Monday,Ronc @ queen,Mechanical,4,8,E/B,4136
2015/03/16,511,8:10:00 PM,Monday,CNE LOOP,Mechanical,5,10,N/B,4182
2015/03/16,506,8:12:00 PM,Monday,Gerrard at Greenwood,Emergency Services,97,104,E/B,4092
2015/03/16,512,9:30:00 PM,Monday,Oakwood and St Clair West,Mechanical,28,34,E/B,4198
2015/03/16,501,9:54:00 PM,Monday,Ellis Ave. and Queensway,Mechanical,6,12,E/B,4247
2015/03/16,501,10:05:00 PM,Monday,Humber to Shaw,Emergency Services,15,21,B/W,4243
2015/03/16,504,10:09:00 PM,Monday,Roncesvalle and Queen,Emergency Services,14,19,W/B,4039
2015/03/16,505,11:12:00 PM,Monday,University and Dundas,Held By,12,24,W/B,4013
2015/03/17,510,12:26:00 AM,Tuesday,King and Spadina,Held By,30,40,S/B,4167
2015/03/17,504,1:06:00 AM,Tuesday,King at Spadina,Emergency Services,8,16,E/B,4035
2015/03/17,506,5:24:00 AM,Tuesday,Howard Park at Roncesvalles,Held By,4,13,E/B,4077
2015/03/17,501,5:29:00 AM,Tuesday,Queen St. W. at Roncesvalles.,Mechanical,10,20,W/B,4218
2015/03/17,501,5:33:00 AM,Tuesday,Queen at Connaught,Late Leaving Garage,5,10,W/B,4244
2015/03/17,502,6:05:00 AM,Tuesday,Queen at Connaught,Late Leaving Garage,10,22,E/B,4116
2015/03/17,506,6:06:00 AM,Tuesday,Lower Gerrard at Coxwell,Late Leaving Garage,5,10,E/B,4107
2015/03/17,512,6:30:00 AM,Tuesday,St Clair West Station,Mechanical,3,6,E/B,4172
2015/03/17,504,6:52:00 AM,Tuesday,Broadview and Queen,Mechanical,4,8,E/B,4041
2015/03/17,511,7:13:00 AM,Tuesday,CNE Loop,Mechanical,5,9,N/B,4225
2015/03/17,508,7:16:00 AM,Tuesday,Queen at Roncesvalles,Late Leaving Garage,12,24,E/B,4200
2015/03/17,506,7:30:00 AM,Tuesday,High Park,Mechanical,8,12,E/B,4099
2015/03/17,502,7:44:00 AM,Tuesday,Queen and McCaul,Mechanical,12,24,E/B,4048
2015/03/17,501,2:15:00 PM,Tuesday,Queenn at Parliament,Mechanical,6,12,W/B,4214
2015/03/17,505,2:28:00 PM,Tuesday,Russell Carhouse,Mechanical,28,33,W/B,4185
2015/03/17,505,2:59:00 PM,Tuesday,Yonge and Dundas,Held By,33,38,E/B,4023
2015/03/17,505,3:00:00 PM,Tuesday,Yonge and Dundas,Diversion,33,38,E/B,
2015/03/17,505,3:15:00 PM,Tuesday,Yonge and Dundas,Diversion,33,38,W/B,4087
2015/03/17,511,8:04:00 PM,Tuesday,Bathurst Station,Utilized Off Route,8,16,N/B,4121
2015/03/17,501,8:11:00 PM,Tuesday,Roncesvalles and Queen,Mechanical,6,11,W/B,4247
2015/03/17,501,8:40:00 PM,Tuesday,Lakeshore and Symons,Emergency Services,20,29,W/B,4232
2015/03/17,501,9:31:00 PM,Tuesday,Lakeshore and Long Branch,Mechanical,9,18,E/B,4209
2015/03/17,501,10:31:00 PM,Tuesday,Shaw and Queen,Mechanical,6,11,W/B,4217
2015/03/17,512,10:40:00 PM,Tuesday,Lansdowne and St Clair,Mechanical,39,47,E/B,4143
2015/03/17,510,10:45:00 PM,Tuesday,Bay and Wellington,Mechanical,10,20,N/B,1202
2015/03/17,512,11:15:00 PM,Tuesday,Lansdowne and St Clair,Utilized Off Route,39,47,E/B,4085
2015/03/17,504,11:56:00 PM,Tuesday,Broadview Station,Mechanical,8,16,W/B,4105
2015/03/18,504,1:48:00 AM,Wednesday,Queen and Roncesvalles,Investigation,12,32,E/B,4193
2015/03/18,306,3:07:00 AM,Wednesday,Logan and Gerrard,Mechanical,10,20,E/B,4029
2015/03/18,306,3:15:00 AM,Wednesday,Main Station,Mechanical,30,60,W/B,4141
2015/03/18,510,4:52:00 AM,Wednesday,Spadina at Queen.,Held By,9,0,N/B,4167
2015/03/18,510,5:06:00 AM,Wednesday,Spadina at Queen.,Held By,9,24,N/B,4195
2015/03/18,501,5:14:00 AM,Wednesday,Queen at Roncesvalles,Mechanical,6,12,W/B,4237
2015/03/18,501,5:35:00 AM,Wednesday,Queen St. W. at Spadina.,Held By,6,12,W/B,4208
2015/03/18,509,5:54:00 AM,Wednesday,Fleet at Bathurst,Late Leaving Garage,13,0,W/B,4000
2015/03/18,501,6:01:00 AM,Wednesday,Roncesvalles at Queen,Mechanical,6,12,W/B,4246
2015/03/18,504,6:03:00 AM,Wednesday,Queen at Roncesvalles,Mechanical,4,8,N/B,4188
2015/03/18,504,6:08:00 AM,Wednesday,Queen at Roncesvales,Held By,4,8,W/B,4128
2015/03/18,504,6:17:00 AM,Wednesday,Queen at Roncesvalles,Late Leaving Garage,4,8,N/B,4149
2015/03/18,504,6:35:00 AM,Wednesday,Roncesvalles at Queen,Mechanical,4,8,N/B,4158
2015/03/18,501,6:42:00 AM,Wednesday,Lakeshore Blvd. W. at Louisa.,Held By,16,26,E/B,4208
2015/03/18,501,7:09:00 AM,Wednesday,Queen St. W. at John St.,Mechanical,6,12,E/B,4226
2015/03/18,508,7:10:00 AM,Wednesday,Queen at Roncesvalles,Late Leaving Garage,8,20,W/B,4136
2015/03/18,510,7:17:00 AM,Wednesday,Spadina at King,Mechanical,3,6,N/B,4182
2015/03/18,510,7:20:00 AM,Wednesday,Spadina at King,Mechanical,3,6,N/B,4085
2015/03/18,511,7:25:00 AM,Wednesday,CNE Loop,Utilized Off Route,5,10,E/B,4097
2015/03/18,501,7:56:00 AM,Wednesday,Queensway at Roncesvalles.,Mechanical,5,10,E/B,4249
2015/03/18,505,8:20:00 AM,Wednesday,Broadview Stn,Mechanical,5,10,W/B,4185
2015/03/18,506,9:00:00 AM,Wednesday,High Park to Main Station,General Delay,12,25,B/W,
2015/03/18,504,10:19:00 AM,Wednesday,Broadview and Gerrard,Investigation,26,30,W/B,4082
2015/03/18,511,11:30:00 AM,Wednesday,Fleet @ Bathurst,Mechanical,6,12,E/B,4234
2015/03/18,501,1:25:00 PM,Wednesday,Queen atParliament,Mechanical,5,10,W/B,4229
2015/03/18,512,1:41:00 PM,Wednesday,Queen and Roncesvalles,Late Leaving Garage,5,10,E/B,4154
2015/03/18,511,2:05:00 PM,Wednesday,CNE Loop,Mechanical,6,12,E/B,4240
2015/03/18,501,2:33:00 PM,Wednesday,Lakeshore at Royal York,Investigation,36,46,E/B,4221
2015/03/18,506,3:13:00 PM,Wednesday,College at Bay,Diversion,34,39,E/B,4035
2015/03/18,511,3:13:00 PM,Wednesday,Exhibition Loop,Mechanical,6,12,E/B,4125
2015/03/18,501,4:39:00 PM,Wednesday,Lakeshore at Dwight,Investigation,5,15,E/B,4200
2015/03/18,504,5:31:00 PM,Wednesday,Queen at King,Mechanical,4,8,W/B,4187
2015/03/18,506,6:08:00 PM,Wednesday,Lower Gerrard at Coxwell,Mechanical,5,10,E/B,4070
2015/03/18,512,6:22:00 PM,Wednesday,St.Clair and Vaughan,Investigation,14,19,E/B,4173
2015/03/18,510,6:27:00 PM,Wednesday,Spadina Loop,Utilized Off Route,3,6,N/B,4066
2015/03/18,501,9:59:00 PM,Wednesday,Roncesvalles and Queen,Utilized Off Route,5,9,E/B,4215
2015/03/18,510,11:16:00 PM,Wednesday,Queen's Quay and Spadina,Mechanical,8,16,N/B,4013
2015/03/18,510,11:51:00 PM,Wednesday,King and Spadina,Utilized Off Route,8,16,N/B,4074
2015/03/19,504,12:17:00 AM,Thursday,Bathurst and King,Held By,14,22,E/B,4193
2015/03/19,505,5:13:00 AM,Thursday,Broadview at Dundas,Late Leaving Garage,4,0,E/B,4037
2015/03/19,501,5:33:00 AM,Thursday,Queen at Connaught,Late Leaving Garage,5,10,W/B,4226
2015/03/19,506,5:42:00 AM,Thursday,Lower Gerrard at Coxwell,Late Leaving Garage,4,5,E/B,4003
2015/03/19,502,5:51:00 AM,Thursday,Queen at connaught,Late Leaving Garage,12,18,E/B,4096
2015/03/19,506,5:56:00 AM,Thursday,Coxwell at Lower Gerrard,Late Leaving Garage,3,6,W/B,4042
2015/03/19,506,6:14:00 AM,Thursday,Coxwell at Lower Gerrard,Late Leaving Garage,2,6,W/B,4081
2015/03/19,506,6:23:00 AM,Thursday,Lower Gerrard at Coxwell,Late Leaving Garage,4,8,E/B,4041
2015/03/19,501,6:27:00 AM,Thursday,Queen at Roncesvalles,Mechanical,6,12,W/B,4121
2015/03/19,509,6:32:00 AM,Thursday,Fleet at Bathurst,Late Leaving Garage,7,11,W/B,4133
2015/03/19,503,6:33:00 AM,Thursday,Queen at Connaught,Late Leaving Garage,12,26,E/B,4051
2015/03/19,501,6:34:00 AM,Thursday,Queen at Connaught,Late Leaving Garage,5,10,E/B,4224
2015/03/19,505,6:37:00 AM,Thursday,Broadview at Dundas,Late Leaving Garage,4,10,E/B,4095
2015/03/19,501,6:52:00 AM,Thursday,Queen at Connaught,Late Leaving Garage,5,10,E/B,4229
2015/03/19,505,7:09:00 AM,Thursday,Broadview at Dundas,Late Leaving Garage,5,10,E/B,4060
2015/03/19,508,7:16:00 AM,Thursday,Roncesvalles and Queensway`,Mechanical,12,24,W/B,4201
2015/03/19,506,9:44:00 AM,Thursday,Gerrard and Carlaw,Emergency Services,29,33,W/B,4122
2015/03/19,509,11:35:00 AM,Thursday,Queens Quay at Spadina E/B,Investigation,47,55,E/B,4022
2015/03/19,506,11:37:00 AM,Thursday,Howard Park and Roncesvalles,Mechanical,5,10,W/B,4145
2015/03/19,504,12:29:00 PM,Thursday,Broadview at Erindale,Investigation,23,28,W/B,4108
2015/03/19,504,12:42:00 PM,Thursday,Parliament and Adelaid,Held By,29,33,W/B,4066
2015/03/19,501,1:39:00 PM,Thursday,Queen at St Patricks,Held By,8,14,E/B,4220
2015/03/19,506,1:52:00 PM,Thursday,Coxwell at Gerrard,Mechanical,5,10,W/B,4104
2015/03/19,504,1:54:00 PM,Thursday,Parliament at Queen,Mechanical,5,9,E/B,4187
2015/03/19,501,1:58:00 PM,Thursday,Queen at Augusta,Mechanical,20,28,E/B,6956
2015/03/19,509,2:07:00 PM,Thursday,King St. East and George St.,Utilized Off Route,5,10,W/B,4023
2015/03/19,506,2:08:00 PM,Thursday,Gerrard at Coxwell,Utilized Off Route,5,10,W/B,4053
2015/03/19,504,2:52:00 PM,Thursday,Roncy at Queen,Investigation,4,8,W/B,4158
2015/03/19,504,2:55:00 PM,Thursday,Queen at Broadview,Mechanical,3,6,W/B,4156
2015/03/19,503,3:41:00 PM,Thursday,Queen and Connaught,Late Leaving Garage,16,0,W/B,4124
2015/03/19,501,3:51:00 PM,Thursday,Lakeshore at 37TH,Mechanical,4,50,W/B,4214
2015/03/19,504,4:19:00 PM,Thursday,King at Tecumseth,Mechanical,5,10,E/B,7726
2015/03/19,504,4:43:00 PM,Thursday,Roncy at Queen,Mechanical,4,8,W/B,4144
2015/03/19,511,4:45:00 PM,Thursday,Bathurst Station,Utilized Off Route,6,12,N/B,4169
2015/03/19,501,6:08:00 PM,Thursday,Queen at York,Investigation,4,14,W/B,4239
2015/03/19,504,6:32:00 PM,Thursday,King at Shaw,Mechanical,4,8,E/B,4101
2015/03/19,505,7:35:00 PM,Thursday,Bay and Dundas,Investigation,12,19,W/B,4183
2015/03/20,505,5:43:00 AM,Friday,Dundas at Broadview,Late Leaving Garage,8,14,E/B,4031
2015/03/20,504,5:44:00 AM,Friday,Queen at Broadview,Late Leaving Garage,7,12,E/B,4067
2015/03/20,506,5:56:00 AM,Friday,Lower Gerrard at Coxwell,Late Leaving Garage,4,11,E/B,4083
2015/03/20,506,6:45:00 AM,Friday,Lower Gerrard at Coxwell,Late Leaving Garage,4,7,E/B,4082
2015/03/20,508,7:44:00 AM,Friday,Lakeshore and 29th Street,Mechanical,13,25,W/B,4097
2015/03/20,501,7:45:00 AM,Friday,Lakeshre Blvd. w. at 29th St.,Mechanical,37,47,W/B,4211
2015/03/20,506,9:09:00 AM,Friday,Carlton and Church,Mechanical,4,8,E/B,4115
2015/03/20,504,11:30:00 AM,Friday,Queen and Broadview,Mechanical,4,8,E/B,4143
2015/03/20,501,3:47:00 PM,Friday,Lakeshore at Browns Line,Investigation,65,75,W/B,4202
2015/03/20,512,4:56:00 PM,Friday,St. Clair and Lansdowne,Mechanical,5,10,E/B,4188
2015/03/20,511,6:26:00 PM,Friday,Bathurst @ Lennox,Held By,3,9,N/B,4151
2015/03/20,501,6:30:00 PM,Friday,Queen at Jarvis,Mechanical,27,33,E/B,4219
2015/03/20,512,8:10:00 PM,Friday,Arlington and St Clair,Investigation,134,160,E/B,4174
2015/03/20,501,9:50:00 PM,Friday,Queen St. West and University Ave.,Mechanical,5,11,E/B,4208
2015/03/21,505,1:07:00 AM,Saturday,Victoria St. to Parliament St.,Diversion,28,40,E/B,4037
2015/03/21,506,1:10:00 AM,Saturday,Lansdowne & collage,Mechanical,10,20,W/B,4103
2015/03/21,501,5:17:00 AM,Saturday,Russell Yard,Held By,9,18,E/B,4232
2015/03/21,511,5:56:00 AM,Saturday,Bathurst at King,Mechanical,7,14,N/B,4166
2015/03/21,506,6:02:00 AM,Saturday,Russell yard,Mechanical,5,10,E/B,4118
2015/03/21,506,6:10:00 AM,Saturday,Roncy yard,Mechanical,5,10,W/B,4173
2015/03/21,505,6:42:00 AM,Saturday,Euclid and Dundas,Mechanical,20,25,E/B,4122
2015/03/21,505,6:42:00 AM,Saturday,Euclid and Dundas,Utilized Off Route,25,30,E/B,4193
2015/03/21,504,7:16:00 AM,Saturday,Broadview station,Utilized Off Route,5,10,W/B,4027
2015/03/21,512,7:58:00 AM,Saturday,Roncesvalles yard,Mechanical,4,8,E/B,4090
2015/03/21,508,8:25:00 AM,Saturday,South Kingsway and Queensway,Mechanical,5,10,E/B,4247
2015/03/21,501,8:45:00 AM,Saturday,,Mechanical,31,45,W/B,4234
2015/03/21,501,8:49:00 AM,Saturday,Russell carhouse,Mechanical,7,14,E/B,4219
2015/03/21,501,10:01:00 AM,Saturday,Russell Carhouse,Mechanical,7,14,E/B,4227
2015/03/21,505,11:17:00 AM,Saturday,Dundas/Broadview,Mechanical,3,6,W/B,4064
2015/03/21,512,11:33:00 AM,Saturday,Roncesvalles Carhouse,Late Leaving Garage,3,6,N/B,4035
2015/03/21,506,11:58:00 AM,Saturday,High Park,Mechanical,5,10,E/B,4023
2015/03/21,506,1:16:00 PM,Saturday,Brock and College,Emergency Services,25,30,B/W,4000
2015/03/21,505,2:18:00 PM,Saturday,Dundas/Huron,Held By,6,11,W/B,4098
2015/03/21,506,2:23:00 PM,Saturday,Spadina and College,Held By,10,15,E/B,4111
2015/03/21,509,2:26:00 PM,Saturday,Fleet and Strachan,Investigation,2,7,E/B,4106
2015/03/21,501,2:48:00 PM,Saturday,Queensway at Roncesvalles,Mechanical,5,10,E/B,423
2015/03/21,501,3:15:00 PM,Saturday,Humber loop,Mechanical,5,10,E/B,4223
2015/03/21,505,3:55:00 PM,Saturday,Broadview and Gerrard,Mechanical,4,9,W/B,4071
2015/03/21,505,5:59:00 PM,Saturday,Broadview Stn,Mechanical,4,9,S/B,4163
2015/03/21,501,6:11:00 PM,Saturday,Queen at Ossington,Investigation,9,15,E/B,4229
2015/03/21,501,7:48:00 PM,Saturday,Bathurst station,Mechanical,8,16,S/B,4197
2015/03/21,501,9:00:00 PM,Saturday,Neville Park Loop to Humber Loop,General Delay,16,12,B/W,
2015/03/21,511,9:01:00 PM,Saturday,bathurst station,Investigation,5,10,S/B,4142
2015/03/21,501,9:24:00 PM,Saturday,Queen St. West and Simcoe St.,Held By,8,17,W/B,4251
2015/03/21,509,10:24:00 PM,Saturday,Exhibition Loop,Investigation,12,24,E/B,4121
2015/03/21,504,10:50:00 PM,Saturday,Roncesvalles and Queen,Mechanical,9,18,W/B,4036
2015/03/21,504,11:08:00 PM,Saturday,Queen and Sumach,Mechanical,6,15,W/B,4187
2015/03/22,301,12:47:00 AM,Sunday,Neville Park Loop to Humber Loop,General Delay,0,0,B/W,
2015/03/22,301,2:56:00 AM,Sunday,Queen St. East and Coxwell Ave.,Held By,92,110,W/B,4219
2015/03/22,501,5:25:00 AM,Sunday,Queensway and Roncesvalles,Late Leaving Garage,10,20,E/B,4251
2015/03/22,501,5:36:00 AM,Sunday,Neville Loop,Mechanical,15,30,W/B,4212
2015/03/22,506,7:27:00 AM,Sunday,College/Bay,Mechanical,10,30,E/B,4077
2015/03/22,512,8:23:00 AM,Sunday,St Clair and Nortcliffe,Investigation,6,12,E/B,4072
2015/03/22,511,12:03:00 PM,Sunday,Roncesvalles Carhouse,Mechanical,5,10,S/B,4236
2015/03/22,511,2:41:00 PM,Sunday,Bathurst at Fort York blvd,Investigation,26,32,N/B,4085
2015/03/22,501,3:51:00 PM,Sunday,Queen and Connaught,Mechanical,6,12,W/B,4217
2015/03/22,807,5:21:00 PM,Sunday,Bathurst and Eglinton,Investigation,4,8,N/B,1297
2015/03/22,807,8:15:00 PM,Sunday,Lawerence West Station,Mechanical,4,8,N/B,1781
2015/03/22,807,8:21:00 PM,Sunday,St Clair West Station,Emergency Services,4,8,N/B,1599
2015/03/22,807,9:39:00 PM,Sunday,Eglinton West Station,Mechanical,4,8,N/B,1618
2015/03/22,501,10:01:00 PM,Sunday,Carlaw and Queen,Held By,37,47,B/W,4218
2015/03/23,306,3:58:00 AM,Monday,Dundas West Station,Mechanical,16,46,E/B,4145
2015/03/23,501,5:22:00 AM,Monday,Queen at Connaught,Late Leaving Garage,4,8,W/B,4245
2015/03/23,501,5:33:00 AM,Monday,Queen at Connaught,Late Leaving Garage,10,14,E/B,4227
2015/03/23,506,5:33:00 AM,Monday,Coxwell at Lower Gerrard,Late Leaving Garage,12,0,E/B,4056
2015/03/23,501,5:41:00 AM,Monday,Queen at Connaught,Late Leaving Garage,4,12,E/B,4232
2015/03/23,501,5:47:00 AM,Monday,Queen at Connaught,Late Leaving Garage,7,12,E/B,4209
2015/03/23,506,5:49:00 AM,Monday,Coxwell at lower Gerrard,Late Leaving Garage,5,10,E/B,4028
2015/03/23,505,5:59:00 AM,Monday,Dundas at Broadview,Late Leaving Garage,5,10,E/B,4152
2015/03/23,506,6:05:00 AM,Monday,High Park loop,Late Leaving Garage,6,18,E/B,4134
2015/03/23,506,6:09:00 AM,Monday,Coxwell at Lower Gerrard,Late Leaving Garage,2,4,E/B,4046
2015/03/23,506,6:11:00 AM,Monday,Coxwell at lower Gerrard,Late Leaving Garage,5,10,E/B,4131
2015/03/23,511,6:14:00 AM,Monday,Bathurst at King,Late Leaving Garage,4,8,S/B,4200
2015/03/23,504,6:22:00 AM,Monday,Broadview and Queen,Mechanical,4,8,W/B,2303
2015/03/23,511,6:22:00 AM,Monday,Bathurst at King,Late Leaving Garage,5,9,S/B,4236
2015/03/23,506,6:23:00 AM,Monday,Lower Gerrard at Coxwell,Late Leaving Garage,4,8,E/B,4047
2015/03/23,503,6:26:00 AM,Monday,Queen at Connaught,Late Leaving Garage,7,19,E/B,4114
2015/03/23,506,6:27:00 AM,Monday,Lower Gerrard at Coxwell,Late Leaving Garage,4,8,E/B,4023
2015/03/23,506,6:38:00 AM,Monday,Lower Gerrard at Coxwell,Late Leaving Garage,4,8,E/B,4073
2015/03/23,506,6:45:00 AM,Monday,Lower Gerrard at Coxwell,Late Leaving Garage,4,7,E/B,4157
2015/03/23,504,6:49:00 AM,Monday,Queen at Broadview,Late Leaving Garage,4,8,E/B,4027
2015/03/23,510,7:09:00 AM,Monday,Roncesvalles Carhouse,Late Leaving Garage,3,5,E/B,4012
2015/03/23,505,7:23:00 AM,Monday,Parliament and Dundas,Mechanical,6,12,W/B,4069
2015/03/23,511,7:38:00 AM,Monday,CNE Loop,Utilized Off Route,4,8,E/B,4142
2015/03/23,512,8:17:00 AM,Monday,St. Clair/Earlscourt,Mechanical,3,6,W/B,4071
2015/03/23,510,8:53:00 AM,Monday,Sapdina @ Sussex,Mechanical,2,4,N/B,4085
2015/03/23,504,9:00:00 AM,Monday,Broadview Stn,Mechanical,6,10,W/B,4077
2015/03/23,504,9:15:00 AM,Monday,Sundas West Stn,Mechanical,3,5,E/B,1501
2015/03/23,511,9:20:00 AM,Monday,CNE Loop,Mechanical,6,12,E/B,4219
2015/03/23,504,9:25:00 AM,Monday,King and Peter,Investigation,3,5,E/B,1656
2015/03/23,512,11:53:00 AM,Monday,St.Clair West Station,Utilized Off Route,7,12,W/B,4088
2015/03/23,510,1:40:00 PM,Monday,Spadina Stn,Mechanical,3,5,S/B,4405
2015/03/23,512,1:41:00 PM,Monday,St. Clair and Alberta.,Held By,7,12,E/B,4013
2015/03/23,509,2:23:00 PM,Monday,Russell Yard,Mechanical,8,16,W/B,4028
2015/03/23,501,3:05:00 PM,Monday,Lakeshore at Islington,Mechanical,10,20,E/B,4201
2015/03/23,501,4:28:00 PM,Monday,Queen at Greenwood,Mechanical,5,10,W/B,4217
2015/03/23,501,6:06:00 PM,Monday,Queensway at Roncesvalles,Mechanical,5,10,E/B,4218
2015/03/23,505,7:02:00 PM,Monday,Broadview and Dundas,Mechanical,4,8,E/B,4030
2015/03/23,501,7:30:00 PM,Monday,Queen at Mccaul,Mechanical,8,14,W/B,4217
2015/03/23,501,10:52:00 PM,Monday,Waverley And Queen,Investigation,6,20,W/B,4209
2015/03/23,501,11:56:00 PM,Monday,Queen and Silverbirch,Held By,6,15,W/B,4233
2015/03/23,501,11:58:00 PM,Monday,King and Queen,Emergency Services,5,14,B/W,4043
2015/03/24,511,12:10:00 AM,Tuesday,CNE Eastern Entrance,Mechanical,8,16,N/B,4194
2015/03/24,501,5:40:00 AM,Tuesday,Roncesvalles at Queen,Mechanical,6,12,W/B,4201
2015/03/24,504,6:12:00 AM,Tuesday,Broadview and Queen,Late Leaving Garage,4,8,E/B,4198
2015/03/24,502,6:13:00 AM,Tuesday,Queen and Connaught,Late Leaving Garage,12,24,E/B,4011
2015/03/24,506,6:17:00 AM,Tuesday,Broadview and Queen,Late Leaving Garage,1,5,W/B,4038
2015/03/24,503,6:31:00 AM,Tuesday,Queen and Connaught,Late Leaving Garage,14,26,E/B,4118
2015/03/24,501,6:34:00 AM,Tuesday,Queen and Connaught,Late Leaving Garage,5,10,E/B,4002
2015/03/24,508,6:51:00 AM,Tuesday,Roncesvalles at Queen,Late Leaving Garage,12,24,W/B,4179
2015/03/24,501,6:55:00 AM,Tuesday,Queen and Connaught,Late Leaving Garage,2,5,W/B,4224
2015/03/24,504,6:58:00 AM,Tuesday,Broadview and Queen,Late Leaving Garage,4,6,E/B,4193
2015/03/24,506,7:00:00 AM,Tuesday,Coxwell and Gerrard,Late Leaving Garage,4,7,E/B,4141
2015/03/24,510,7:01:00 AM,Tuesday,Spadina at King,Mechanical,3,6,N/B,4019
2015/03/24,501,7:05:00 AM,Tuesday,Queen and Connaught,Late Leaving Garage,2,5,W/B,4202
2015/03/24,503,7:07:00 AM,Tuesday,Queen and Connaught,Late Leaving Garage,12,22,E/B,4001
2015/03/24,510,7:24:00 AM,Tuesday,Spadina at King,Mechanical,3,6,N/B,4119
2015/03/24,511,7:30:00 AM,Tuesday,Bathurst Stn to CNE Loop,General Delay,15,10,B/W,
2015/03/24,510,7:31:00 AM,Tuesday,King @ Bathurst,Mechanical,3,5,E/B,4169
2015/03/24,504,7:33:00 AM,Tuesday,Roncesvalles at Queen,Late Leaving Garage,4,8,N/B,
2015/03/24,504,7:37:00 AM,Tuesday,Roncesvalles at Queen,Late Leaving Garage,4,8,N/B,
2015/03/24,504,7:45:00 AM,Tuesday,Queen at Roncesvalles,Late Leaving Garage,4,8,N/B,
2015/03/24,510,8:21:00 AM,Tuesday,Spadina Stn,Mechanical,2,4,S/B,4171
2015/03/24,512,10:07:00 AM,Tuesday,St. Clair/Wychwood,Mechanical,3,6,E/B,4155
2015/03/24,501,10:28:00 AM,Tuesday,Queen St. W. at Spadina.,Mechanical,10,16,E/B,4236
2015/03/24,505,10:39:00 AM,Tuesday,Dundas at Denison,Investigation,5,10,E/B,4037
2015/03/24,512,11:05:00 AM,Tuesday,Bathurst @ Adelaide,Mechanical,0,0,S/B,4221
2015/03/24,511,11:15:00 AM,Tuesday,Bathurst @ Adelaide,Held By,20,26,S/B,4165
2015/03/24,510,11:27:00 AM,Tuesday,Queens Quay @ York,Mechanical,5,10,W/B,4013
2015/03/24,509,11:33:00 AM,Tuesday,CNE Loop,Utilized Off Route,8,16,E/B,4050
2015/03/24,504,12:01:00 PM,Tuesday,Queen and Roncy,Held By,10,15,W/B,4198
2015/03/24,504,12:02:00 PM,Tuesday,Queen and Parliament,Mechanical,4,8,W/B,4059
2015/03/24,501,1:00:00 PM,Tuesday,Roncesvalles carhouse,Mechanical,10,20,W/B,4172
2015/03/24,502,1:02:00 PM,Tuesday,Kingston Rd. and Beech,Mechanical,15,30,W/B,4091
2015/03/24,510,3:46:00 PM,Tuesday,Spadina Loop,Mechanical,3,6,N/B,4042
2015/03/24,510,6:30:00 PM,Tuesday,Lower Spadina Ave. and Lakeshore Blvd,General Delay,6,13,N/B,4153
2015/03/24,501,6:39:00 PM,Tuesday,Queen at Bay,Investigation,10,15,E/B,4207
2015/03/24,505,6:56:00 PM,Tuesday,Broadview to Dundas West Station,General Delay,5,21,W/B,4136
2015/03/24,510,7:20:00 PM,Tuesday,Spadina Ave. and King St.,Mechanical,3,6,S/B,4152
2015/03/24,505,8:48:00 PM,Tuesday,Dundas West Station,Emergency Services,7,14,W/B,4173
2015/03/24,510,10:28:00 PM,Tuesday,Bloor Loop,Mechanical,8,16,S/B,4145
2015/03/25,510,12:54:00 AM,Wednesday,Spadina and Queens Quay,Mechanical,6,12,S/B,4400
2015/03/25,306,1:55:00 AM,Wednesday,Bay and College,Held By,36,66,W/B,4154
2015/03/25,301,4:31:00 AM,Wednesday,Humber Loop.,Mechanical,19,49,W/B,4219
2015/03/25,511,5:11:00 AM,Wednesday,Roncesvalles Yard,Late Leaving Garage,0,0,N/B,4088
2015/03/25,511,5:29:00 AM,Wednesday,CNE Loop,Late Leaving Garage,5,10,N/B,4142
2015/03/25,501,5:40:00 AM,Wednesday,Queen and Connaught,Mechanical,5,8,E/B,4227
2015/03/25,501,5:40:00 AM,Wednesday,roncesavalles at queen,Late Leaving Garage,5,10,W/B,4213
2015/03/25,505,5:56:00 AM,Wednesday,Dundas and Broadview,Mechanical,10,16,E/B,4048
2015/03/25,501,6:05:00 AM,Wednesday,Queen and Connaught,Mechanical,5,10,E/B,4230
2015/03/25,505,6:15:00 AM,Wednesday,Dundas and Parliament,Mechanical,4,16,W/B,4058
2015/03/25,501,6:27:00 AM,Wednesday,Queen at roncesvalles,Late Leaving Garage,4,8,W/B,4251
2015/03/25,510,6:28:00 AM,Wednesday,Spadina at King,Late Leaving Garage,8,16,N/B,4155
2015/03/25,511,6:38:00 AM,Wednesday,Bathurst at King,Late Leaving Garage,5,9,S/B,4166
2015/03/25,501,6:39:00 AM,Wednesday,Queen at Connaught,Late Leaving Garage,5,8,W/B,4115
2015/03/25,504,7:33:00 AM,Wednesday,King at roncesvalles,Late Leaving Garage,2,4,W/B,4013
2015/03/25,506,7:53:00 AM,Wednesday,Lower Gerrard at Coxwell,Late Leaving Garage,4,8,E/B,4116
2015/03/25,511,8:05:00 AM,Wednesday,Bathurst Stn,Utilized Off Route,4,8,N/B,4166
2015/03/25,512,8:10:00 AM,Wednesday,SCW Stn,Mechanical,3,6,E/B,4042
2015/03/25,512,8:57:00 AM,Wednesday,St.Clair/Keele,Investigation,15,18,E/B,4024
2015/03/25,510,9:39:00 AM,Wednesday,Spadina & Adelaide--Charlotte Loop,Held By,15,22,S/B,4084
2015/03/25,509,10:23:00 AM,Wednesday,Queens Quay @ Spadina,Mechanical,3,11,W/B,4118
2015/03/25,501,12:11:00 PM,Wednesday,Queensway at Roncesvalles,Mechanical,5,11,E/B,4212
2015/03/25,505,12:35:00 PM,Wednesday,erindale and broadview ave,Investigation,17,23,W/B,4104
2015/03/25,511,12:40:00 PM,Wednesday,Bathurst @ King,Mechanical,18,24,N/B,4220
2015/03/25,511,12:46:00 PM,Wednesday,Bathurst @ King,Utilized Off Route,12,18,N/B,4021
2015/03/25,502,2:24:00 PM,Wednesday,Queen and Kingston Rd.,Mechanical,15,30,W/B,4068
2015/03/25,501,3:00:00 PM,Wednesday,Long Branch - Neville Loop,General Delay,20,10,B/W,
2015/03/25,506,3:46:00 PM,Wednesday,Gerrard at Broadview,Mechanical,5,10,W/B,4059
2015/03/25,506,4:24:00 PM,Wednesday,Carlton at Sherbourne,Investigation,7,12,E/B,4134
2015/03/25,501,4:26:00 PM,Wednesday,Roncesvalles at Queen,Mechanical,5,10,W/B,4042
2015/03/25,505,5:35:00 PM,Wednesday,Lansdowne and Dundas,Held By,10,15,E/B,4104
2015/03/25,501,5:57:00 PM,Wednesday,Queensway at Roncesvalles,Mechanical,6,11,E/B,4239
2015/03/25,510,8:02:00 PM,Wednesday,Spadina Ave. and Queen St. W,Mechanical,3,6,N/B,4190
2015/03/25,509,8:05:00 PM,Wednesday,Queen's Quay and Lower Spadina Ave.,Mechanical,6,12,W/B,4077
2015/03/25,510,8:51:00 PM,Wednesday,Ferry Docks,Held By,39,46,S/B,4158
2015/03/25,509,8:52:00 PM,Wednesday,Harbourfront Tunnel Portal Entering,Mechanical,55,63,E/B,4005
2015/03/25,509,9:16:00 PM,Wednesday,Harbourfront Tunnel Portal,Utilized Off Route,8,16,E/B,4136
2015/03/26,301,2:42:00 AM,Thursday,Humber Loop,Mechanical,29,59,W/B,4141
2015/03/26,505,5:27:00 AM,Thursday,Broadview at Dundas,Late Leaving Garage,8,13,W/B,4124
2015/03/26,501,5:27:00 AM,Thursday,Queen at roncesvalles,Late Leaving Garage,6,12,W/B,4228
2015/03/26,504,5:33:00 AM,Thursday,Queen at Broadview,Late Leaving Garage,4,19,E/B,4155
2015/03/26,506,5:36:00 AM,Thursday,Lower Gerrard at Coxwell,Late Leaving Garage,3,15,E/B,4078
2015/03/26,501,5:42:00 AM,Thursday,Queen At Roncesvalles,Late Leaving Garage,5,8,W/B,4219
2015/03/26,506,5:42:00 AM,Thursday,Coxwell at Lower Gerrard,Late Leaving Garage,2,5,W/B,4058
2015/03/26,501,5:45:00 AM,Thursday,Queen at Connaught,Late Leaving Garage,3,8,E/B,4244
2015/03/26,504,5:52:00 AM,Thursday,King at Roncesvalles,Late Leaving Garage,5,11,W/B,4152
2015/03/26,502,6:15:00 AM,Thursday,Queen at Connaught,Late Leaving Garage,12,24,E/B,4089
2015/03/26,509,6:16:00 AM,Thursday,Bathurst at Fleet,Late Leaving Garage,8,12,W/B,4064
2015/03/26,510,6:28:00 AM,Thursday,Spadina at king,Late Leaving Garage,8,16,N/B,4118
2015/03/26,511,6:29:00 AM,Thursday,Bathurst at king,Late Leaving Garage,6,18,N/B,4226
2015/03/26,504,6:33:00 AM,Thursday,Queen at Broadview,Late Leaving Garage,4,8,E/B,4180
2015/03/26,503,6:43:00 AM,Thursday,Queen at Connaught,Late Leaving Garage,12,24,E/B,4104
2015/03/26,504,6:47:00 AM,Thursday,King at Roncevalles,Late Leaving Garage,4,8,N/B,4120
2015/03/26,502,7:01:00 AM,Thursday,Queen/Boulton,Held By,18,30,W/B,4135
2015/03/26,501,7:01:00 AM,Thursday,Queen St. E. at Boulton.,Held By,17,22,W/B,4242
2015/03/26,503,7:01:00 AM,Thursday,Queen/Boulton,Mechanical,18,30,W/B,4065
2015/03/26,510,7:24:00 AM,Thursday,Roncesvalles Yard,Late Leaving Garage,2,4,N/B,4012
2015/03/26,510,7:40:00 AM,Thursday,Roncesvalles Yard,Late Leaving Garage,2,4,N/B,4012
2015/03/26,510,7:55:00 AM,Thursday,Spadina @ Lakeshore,Held By,15,23,N/B,4158
2015/03/26,505,9:01:00 AM,Thursday,dovercourt and dundas,Mechanical,6,12,W/B,4117
2015/03/26,504,9:05:00 AM,Thursday,Broadview and Wolfrey,Held By,46,50,B/W,4019
2015/03/26,505,9:07:00 AM,Thursday,Broadview and wolfrey,Held By,45,51,N/B,4098
2015/03/26,501,10:21:00 AM,Thursday,Queen St. E. at Ontario St.,Held By,31,37,B/W,4218
2015/03/26,506,10:23:00 AM,Thursday,Broadview Ave to Main station,General Delay,17,12,E/B,4149
2015/03/26,502,10:28:00 AM,Thursday,Queen/Ontario,Diversion,24,36,B/W,4135
2015/03/26,505,10:32:00 AM,Thursday,Mcaul and Darcy,Held By,6,12,E/B,4110
2015/03/26,501,11:47:00 AM,Thursday,Queen St. W. at Spadina.,Held By,11,23,W/B,4224
2015/03/26,512,11:56:00 AM,Thursday,St.Clair Station,Emergency Services,21,26,E/B,4085
2015/03/26,501,1:34:00 PM,Thursday,Queen at Bay,Mechanical,5,10,E/B,4205
2015/03/26,501,1:38:00 PM,Thursday,Queen at Markam,Investigation,24,30,E/B,4219
2015/03/26,510,1:56:00 PM,Thursday,Spadina @ Queen,Utilized Off Route,2,4,S/B,4094
2015/03/26,502,2:52:00 PM,Thursday,Kingston Rd. and Scarboro Rd.,Emergency Services,35,47,W/B,4073
2015/03/26,504,3:37:00 PM,Thursday,Queen at Boulton Ave.,Mechanical,4,8,W/B,4140
2015/03/26,502,3:39:00 PM,Thursday,Queen and Boulton,Held By,23,38,W/B,4089
2015/03/26,501,3:39:00 PM,Thursday,Queen at Boulton,Mechanical,17,23,W/B,4216
2015/03/26,504,3:52:00 PM,Thursday,Queen at Broadview,Utilized Off Route,4,8,W/B,4065
2015/03/26,503,3:53:00 PM,Thursday,Queen and Boulton,Held By,18,30,W/B,4102
2015/03/26,503,5:26:00 PM,Thursday,Queen and Leslie,Mechanical,12,24,W/B,4102
2015/03/26,501,6:00:00 PM,Thursday,Queen at Bathurst,Mechanical,5,10,W/B,4209
2015/03/26,510,6:41:00 PM,Thursday,Spadina and King St.,Mechanical,3,6,N/B,4086
2015/03/26,504,7:54:00 PM,Thursday,King at Brant,Utilized Off Route,17,22,E/B,4129
2015/03/26,511,7:56:00 PM,Thursday,Fleet Loop,Mechanical,8,16,E/B,4190
2015/03/26,506,7:58:00 PM,Thursday,Carlton before Jarvis,Investigation,5,10,E/B,4188
2015/03/26,501,8:23:00 PM,Thursday,University and Queen,Held By,24,30,B/W,4200
2015/03/26,501,8:37:00 PM,Thursday,Woodbine and Queen,Mechanical,6,11,W/B,4234
2015/03/26,501,9:39:00 PM,Thursday,Roncesvalles and Queen,Mechanical,6,12,E/B,4242
2015/03/26,501,10:45:00 PM,Thursday,Parliament and Queen,Mechanical,6,12,E/B,4118
2015/03/27,512,12:22:00 AM,Friday,St.Clair and Old Weston Road,Investigation,7,15,W/B,4163
2015/03/27,501,12:52:00 AM,Friday,Lansdowne and Queen,Mechanical,9,18,W/B,4200
2015/03/27,505,12:58:00 AM,Friday,Dundas St. West and Sheridan,Investigation,12,24,E/B,4165
2015/03/27,504,12:59:00 AM,Friday,King at Niagara,Mechanical,26,32,W/B,4093
2015/03/27,511,4:54:00 AM,Friday,Bathurst from Queen to Fleet Loop.,Held By,29,0,B/W,4125
2015/03/27,505,5:37:00 AM,Friday,Dundas at Broadview,Late Leaving Garage,8,16,E/B,4046
2015/03/27,506,5:37:00 AM,Friday,Coxwell at Lower Gerrard,Late Leaving Garage,12,16,W/B,4148
2015/03/27,501,5:37:00 AM,Friday,Queen at Connaught,Late Leaving Garage,10,18,E/B,4209
2015/03/27,506,5:40:00 AM,Friday,Lower Gerrard at Coxwell,Late Leaving Garage,12,18,E/B,4032
2015/03/27,501,5:40:00 AM,Friday,Queen at Roncesvalles,Late Leaving Garage,6,12,W/B,4227
2015/03/27,506,5:50:00 AM,Friday,Lower Gerrard at Coxwell,Late Leaving Garage,6,10,E/B,4173
2015/03/27,506,5:51:00 AM,Friday,Lower Gerrard at Coxwell,Late Leaving Garage,6,12,E/B,4001
2015/03/27,505,5:54:00 AM,Friday,Broadview at Dundas,Late Leaving Garage,6,11,E/B,4080
2015/03/27,509,6:01:00 AM,Friday,Fleet at Bathurst,Late Leaving Garage,7,20,E/B,4027
2015/03/27,506,6:09:00 AM,Friday,Coxwell at Lower Gerrard,Late Leaving Garage,2,4,W/B,4140
2015/03/27,509,6:09:00 AM,Friday,Fleet at Bathurst,Late Leaving Garage,6,15,E/B,4110
2015/03/27,504,6:17:00 AM,Friday,King At Roncesvalles,Late Leaving Garage,4,8,N/B,4151
2015/03/27,509,6:20:00 AM,Friday,Fleet at Bathurst,Late Leaving Garage,4,9,E/B,4071
2015/03/27,506,6:23:00 AM,Friday,Lower Gerrard at Coxwell,Late Leaving Garage,3,7,E/B,4114
2015/03/27,503,6:24:00 AM,Friday,Queen at Connaught,Late Leaving Garage,5,17,E/B,4150
2015/03/27,501,6:36:00 AM,Friday,Queen at Connaught,Late Leaving Garage,5,10,E/B,4238
2015/03/27,511,6:48:00 AM,Friday,Bathurst at King,Late Leaving Garage,5,10,S/B,4223
2015/03/27,506,6:49:00 AM,Friday,Lower Gerrard at Coxwell,Late Leaving Garage,4,8,E/B,4184
2015/03/27,504,7:30:00 AM,Friday,Queen and Roncesvalles,Mechanical,4,8,W/B,4042
2015/03/27,510,8:27:00 AM,Friday,Charlotte Loop,Held By,3,6,S/B,4159
2015/03/27,503,8:27:00 AM,Friday,Kingston rd/Elmer,Held By,17,29,E/B,4071
2015/03/27,502,8:27:00 AM,Friday,Kingston rd/Elmer,Held By,18,30,E/B,4077
2015/03/27,512,8:32:00 AM,Friday,St. clair Stn,Mechanical,3,6,W/B,4023
2015/03/27,510,8:49:00 AM,Friday,Charlotte Loop,Held By,5,8,S/B,4058
2015/03/27,511,8:57:00 AM,Friday,Bathurst @ King,Mechanical,23,29,S/B,4122
2015/03/27,511,9:03:00 AM,Friday,Bathurst @ King,Utilized Off Route,17,23,S/B,4208
2015/03/27,504,9:30:00 AM,Friday,Roncesvalles and north gate trailing switch,Held By,6,10,wruiter adv,4049
2015/03/27,504,9:44:00 AM,Friday,Queen and River,Held By,10,14,E/B,4098
2015/03/27,501,9:44:00 AM,Friday,Queen St. E. at King St. E.,Held By,12,18,E/B,4225
2015/03/27,501,10:34:00 AM,Friday,Humber Loop - Lakeshore Tunnel.,Held By,13,24,B/W,4207
2015/03/27,504,11:58:00 AM,Friday,King and Niagara,Held By,21,25,W/B,4182
2015/03/27,501,1:00:00 PM,Friday,Roncesvalles carhouse,Mechanical,10,20,W/B,4220
2015/03/27,509,1:18:00 PM,Friday,Queens Quay & Lower Simcoe,Held By,7,15,E/B,4027
2015/03/27,510,1:18:00 PM,Friday,Queens Quay @ Lower Simcoe,Held By,7,12,W/B,4169
2015/03/27,506,3:48:00 PM,Friday,upper gerarrd & Coxwell,General Delay,47,52,W/B,4129
2015/03/27,501,4:12:00 PM,Friday,Queen at Carlaw,Mechanical,5,10,W/B,4211
2015/03/27,510,4:21:00 PM,Friday,Spadina and Queens Quay Loop,Mechanical,2,4,N/B,4082
2015/03/27,501,4:26:00 PM,Friday,Queen at Roncesvalles,Mechanical,5,10,W/B,4190
2015/03/27,504,5:50:00 PM,Friday,Cherry on Front,Mechanical,4,8,E/B,7878
2015/03/27,501,5:50:00 PM,Friday,Queen at Roncesvalles,Mechanical,5,10,W/B,4209
2015/03/27,501,6:05:00 PM,Friday,Queen at Spadina,Mechanical,5,10,W/B,4205
2015/03/27,510,9:02:00 PM,Friday,Bloor Loop,Mechanical,3,6,S/B,4405
2015/03/27,501,9:09:00 PM,Friday,Lakeshore Blvd and Royal York Blvd,Mechanical,11,22,E/B,4243
2015/03/28,301,1:56:00 AM,Saturday,Queen St. East and Boulton Ave.,Investigation,58,67,W/B,4175
2015/03/28,505,9:03:00 AM,Saturday,Russell yard,Mechanical,5,10,W/B,4123
2015/03/28,506,9:25:00 AM,Saturday,Gerrard and Beaton,Mechanical,7,14,W/B,4154
2015/03/28,501,10:35:00 AM,Saturday,Connaught and Queen,Mechanical,3,6,W/B,4222
2015/03/28,805,11:19:00 AM,Saturday,spadina & collage,Held By,5,10,E/B,4189
2015/03/28,506,1:01:00 PM,Saturday,Carlton and Sherbourne,Mechanical,6,12,W/B,4199
2015/03/28,501,1:25:00 PM,Saturday,Queen at Jameson,Mechanical,5,10,E/B,4217
2015/03/28,505,2:23:00 PM,Saturday,Bay and Dundas,Mechanical,4,8,W/B,4067
2015/03/28,510,2:37:00 PM,Saturday,Adelaide and Charlotte,Held By,7,15,S/B,4400
2015/03/28,506,3:25:00 PM,Saturday,Delware & collage,Investigation,14,20,W/B,4023
2015/03/28,510,4:10:00 PM,Saturday,Lakeshore and Spadina,Held By,17,24,N/B,4149
2015/03/28,501,5:00:00 PM,Saturday,Queensway at Roncesvalles,Mechanical,10,15,E/B,4207
2015/03/28,505,6:15:00 PM,Saturday,Bathurst and Dundas,Held By,55,65,E/B,4096
2015/03/28,501,7:00:00 PM,Saturday,Queen at Greenwood,Mechanical,5,10,E/B,4251
2015/03/28,505,7:16:00 PM,Saturday,Spadina and Dundas,Mechanical,23,28,E/B,4043
2015/03/28,501,8:06:00 PM,Saturday,Queen St. West and Jameson Ave.,Mechanical,22,28,E/B,4208
2015/03/28,511,10:28:00 PM,Saturday,harbord & bathurst,Mechanical,11,17,S/B,4093
2015/03/29,511,7:50:00 AM,Sunday,Bathurst Stn,Mechanical,8,16,E/B,4119
2015/03/29,501,8:14:00 AM,Sunday,Queen at Church,Mechanical,10,20,W/B,4226
2015/03/29,505,8:45:00 AM,Sunday,Broadview and Mount Stephen,Mechanical,17,24,S/B,4101
2015/03/29,510,9:53:00 AM,Sunday,Spadina and Balwin,Investigation,2,4,S/B,7837
2015/03/29,509,11:50:00 AM,Sunday,CNE Loop,Mechanical,5,10,E/B,4400
2015/03/29,511,12:30:00 PM,Sunday,CNE Loop,Emergency Services,6,12,E/B,4119
2015/03/29,504,1:00:00 PM,Sunday,Broadview and Danforth Avenue,General Delay,0,0,B/W,4057
2015/03/29,505,5:07:00 PM,Sunday,Broadview STN,Mechanical,5,10,S/B,4074
2015/03/29,506,6:37:00 PM,Sunday,Lower Gerard and Coxwell,Mechanical,7,14,W/B,4055
2015/03/29,501,7:05:00 PM,Sunday,kingston rd loop,Investigation,6,12,W/B,4247
2015/03/29,501,11:14:00 PM,Sunday,Queen St. East and Victoria St.,Held By,29,38,E/B,4220
2015/03/30,501,6:15:00 AM,Monday,Queen and Connaught,Late Leaving Garage,5,11,E/B,4202
2015/03/30,509,6:16:00 AM,Monday,Exihibition Loop,Mechanical,9,16,E/B,4170
2015/03/30,505,8:00:00 AM,Monday,Dundas and Howard Park,Mechanical,5,11,W/B,4154
2015/03/30,510,8:21:00 AM,Monday,Spadina @ Bloor,Investigation,3,6,N/B,7708
2015/03/30,504,9:03:00 AM,Monday,King at Berkley,Investigation,2,6,E/B,4125
2015/03/30,501,9:20:00 AM,Monday,Queen at Roncesvalles,Investigation,10,20,W/B,4233
2015/03/30,511,9:45:00 AM,Monday,Fleet @ Bathurst,Mechanical,6,12,E/B,4218
2015/03/30,510,1:27:00 PM,Monday,Spadina Stn,Mechanical,3,6,S/B,7811
2015/03/30,512,2:18:00 PM,Monday,Dundas and Beatrice,Mechanical,5,10,E/B,4159
2015/03/30,509,2:28:00 PM,Monday,CNE Loop,Mechanical,4,8,E/B,4091
2015/03/30,512,3:23:00 PM,Monday,St. Clair and Keele,Investigation,107,112,E/B,4150
2015/03/30,506,3:27:00 PM,Monday,College and Dovercourt,Investigation,33,38,E/B,4032
2015/03/30,506,7:15:00 PM,Monday,Parliament and Dundas,Utilized Off Route,4,8,W/B,4070
2015/03/30,501,8:15:00 PM,Monday,Queen St. East and Empire St.,Utilized Off Route,5,11,E/B,4240
2015/03/30,501,8:15:00 PM,Monday,Queen St. East and Empire St.,Mechanical,34,39,E/B,4236
2015/03/30,504,8:22:00 PM,Monday,Broadview Station,Investigation,5,10,S/B,4075
2015/03/30,505,8:50:00 PM,Monday,University and Dundas,Investigation,8,16,E/B,4046
2015/03/30,504,9:41:00 PM,Monday,Portland and King,Held By,5,10,E/B,4051
2015/03/31,501,12:05:00 AM,Tuesday,Long Branch Loop,Mechanical,18,36,E/B,4216
2015/03/31,301,1:19:00 AM,Tuesday,Russell Carhouse,Mechanical,9,16,,4216
2015/03/31,301,1:45:00 AM,Tuesday,Queen St. East and Coxwell Ave.,Utilized Off Route,15,24,W/B,4224
2015/03/31,301,2:44:00 AM,Tuesday,Queen Street West and University Ave.,Mechanical,9,18,W/B,4228
2015/03/31,501,6:04:00 AM,Tuesday,WB Neville to Connaught,Mechanical,6,11,E/B,4217
2015/03/31,511,7:45:00 AM,Tuesday,Bathurst Stn,Mechanical,15,21,S/B,4131
2015/03/31,511,7:51:00 AM,Tuesday,Bathurst Stn,Utilized Off Route,9,15,S/B,4067
2015/03/31,510,7:53:00 AM,Tuesday,Spadina Stn,Utilized Off Route,2,4,S/B,7686
2015/03/31,512,7:59:00 AM,Tuesday,Lansdowne,General Delay,3,6,E/B,4195
2015/03/31,512,8:15:00 AM,Tuesday,Lansdowne,General Delay,0,0,E/B,4152
2015/03/31,511,8:16:00 AM,Tuesday,Bathurst @ King,Mechanical,0,0,N/B,4211
2015/03/31,512,10:19:00 AM,Tuesday,SCW STN,Mechanical,3,5,E/B,4187
2015/03/31,512,10:28:00 AM,Tuesday,St. Clair/Winina,Mechanical,5,9,W/B,4187
2015/03/31,511,11:09:00 AM,Tuesday,Bathurst @ King,Investigation,13,19,S/B,4201
2015/03/31,510,11:17:00 AM,Tuesday,Spadina @ King,Utilized Off Route,2,4,N/B,1278
2015/03/31,509,11:35:00 AM,Tuesday,CNE Loop,Utilized Off Route,4,8,E/B,4127
2015/03/31,504,12:35:00 PM,Tuesday,King and Spadina,General Delay,9,13,W/B,4055
2015/03/31,504,3:04:00 PM,Tuesday,Roncesvalles and Queen.,Mechanical,2,4,E/B,4192
2015/03/31,504,3:47:00 PM,Tuesday,Broadview and Queen,Held By,2,4,W/B,4234
2015/03/31,510,4:59:00 PM,Tuesday,Spadina station,Mechanical,2,4,S/B,7471
2015/03/31,501,5:24:00 PM,Tuesday,Queen St. W. at Cameron,Investigation,41,47,E/B,4224
2015/03/31,506,6:17:00 PM,Tuesday,Main Station,Investigation,8,18,W/B,4033
2015/03/31,501,6:58:00 PM,Tuesday,Queen St. W. at University.,Held By,27,33,B/W,4209
2015/03/31,504,7:15:00 PM,Tuesday,Roncesvalles and Howard Park,Investigation,34,41,E/B,4126
2015/03/31,506,9:59:00 PM,Tuesday,Upper Gerrard and Coxwell,Held By,28,35,E/B,4104
