Report Date,Route,Time,Day,Location,Incident,Delay,Gap,Direction,Vehicle
1-Apr-20,505,12:29:00 AM,Wednesday,dundas west station,Mechanical,8,16,E/B,8594
1-Apr-20,510,2:59:00 AM,Wednesday,Queen's Quay and Spadina,Held By,15,30,E/B,4506
1-Apr-20,501,6:43:00 AM,Wednesday,Longbranch Loop,Mechanical,10,20,E/B,4446
1-Apr-20,506,7:53:00 AM,Wednesday,Main Station,Mechanical,4,8,W/B,4428
1-Apr-20,511,8:31:00 AM,Wednesday,Bathurst Station,Emergency Services,10,20,S/B,4569
1-Apr-20,501,10:52:00 AM,Wednesday,Neville Loop,Investigation,7,15,W/B,4582
1-Apr-20,512,1:53:00 PM,Wednesday,St. Clair West Station,Investigation,23,28,W/B,4523
1-Apr-20,504,2:19:00 PM,Wednesday,Dufferin & Liberty,Investigation,7,88,S/B,4521
1-Apr-20,512,2:39:00 PM,Wednesday,St. Clair and Oakwood,Mechanical,5,9,W/B,4450
1-Apr-20,505,3:07:00 PM,Wednesday,Dundas West Station,Investigation,1,1,W/B,8851
1-Apr-20,501,4:34:00 PM,Wednesday,Queen and Beaconsfield,Mechanical,12,19,W/B,4488
1-Apr-20,505,6:02:00 PM,Wednesday,Broadview Station,Investigation,1,1,E/B,3308
1-Apr-20,510,7:26:00 PM,Wednesday,Spadina & Queen,Investigation,7,59,N/B,4540
1-Apr-20,506,9:32:00 PM,Wednesday,COXWELL AND GERRARD,Emergency Services,1,1,N/B,4419
1-Apr-20,505,9:49:00 PM,Wednesday,Dundas & Manning Ave,Emergency Services,12,24,E/B,8952
1-Apr-20,501,11:19:00 PM,Wednesday,GREENWOOD AND QUEEN,Emergency Services,1,1,E/B,4491
1-Apr-20,501,11:48:00 PM,Wednesday,HUMBER LOOP,Investigation,10,20,E/B,4437
2-Apr-20,501,7:28:00 AM,Thursday,Queen /Sorauren,Mechanical,4,9,W/B,4543
2-Apr-20,506,7:44:00 AM,Thursday,Main Station,Mechanical,8,16,W/B,4410
2-Apr-20,501,10:20:00 AM,Thursday,Queen/Brock,Investigation,0,0,W/B,4543
2-Apr-20,501,1:01:00 PM,Thursday,Queen & York,Held By,9,16,E/B,4441
2-Apr-20,504,3:10:00 PM,Thursday,King & Peter,Held By,10,6,E/B,4508
2-Apr-20,501,4:01:00 PM,Thursday,Humber Loop,Mechanical,6,13,E/B,4582
2-Apr-20,501,9:56:00 PM,Thursday,QUEEN AND YONGE,Mechanical,5,10,E/B,4581
3-Apr-20,504,1:03:00 AM,Friday,KING AND DUNN,Emergency Services,33,43,E/B,4470
3-Apr-20,301,2:34:00 AM,Friday,RONCY YARD NORTH GATE,Emergency Services,1,1,E/B,4549
3-Apr-20,301,3:58:00 AM,Friday,greenwood and queen,Emergency Services,1,1,E/B,4458
3-Apr-20,506,4:59:00 AM,Friday,Coxwell and Gerrard,Mechanical,8,15,E/B,4516
3-Apr-20,506,5:01:00 AM,Friday,Coxwell and Gerrard,Mechanical,8,16,W/B,4426
3-Apr-20,504,7:00:00 AM,Friday,King/Spadina,Investigation,8,16,W/B,4451
3-Apr-20,501,8:39:00 AM,Friday,Queen and roncy,Emergency Services,8,16,E/B,4579
3-Apr-20,505,8:45:00 AM,Friday,Dundas West Station,Mechanical,10,20,E/B,8448
3-Apr-20,512,9:04:00 AM,Friday,St Clair at Oakwood,Mechanical,5,9,W/B,4531
3-Apr-20,505,9:25:00 AM,Friday,Kessington Dundas St West,Mechanical,1,1,E/B,9231
3-Apr-20,501,11:01:00 AM,Friday,Queen and bathurst,Investigation,8,16,E/B,4518
3-Apr-20,504,11:05:00 AM,Friday,King/Ashby place,Investigation,8,76,W/B,4502
3-Apr-20,505,1:10:00 PM,Friday,Dundasst West Manning Ave,Investigation,10,20,E/B,8045
3-Apr-20,501,2:04:00 PM,Friday,Queen & Leslie,Held By,12,19,E/B,4458
3-Apr-20,505,3:00:00 PM,Friday,Brodview STN,Emergency Services,8,16,W/B,3355
3-Apr-20,512,4:36:00 PM,Friday,St Clair Station,Mechanical,5,9,W/B,4437
3-Apr-20,512,6:21:00 PM,Friday,St Clair and Vaughan,Mechanical,5,9,W/B,4437
3-Apr-20,512,6:30:00 PM,Friday,St Clair and Keele,Held By,40,45,E/B,4594
3-Apr-20,510,6:59:00 PM,Friday,Spadina Station,Mechanical,5,10,S/B,4536
3-Apr-20,512,8:23:00 PM,Friday,Bathurst and Wells,Investigation,0,0,S/B,4594
3-Apr-20,504,8:30:00 PM,Friday,RONCESSVALLES AND DUNDAS,Mechanical,8,16,N/B,4473
3-Apr-20,506,9:48:00 PM,Friday,HIGH PARK LOOP,Mechanical,9,17,E/B,4469
3-Apr-20,501,9:55:00 PM,Friday,Queen/Lansdowne,Mechanical,8,16,W/B,4458
3-Apr-20,705,11:02:00 PM,Friday,Bathurt and College,Investigation,10,20,S/B,4541
3-Apr-20,504,11:40:00 PM,Friday,KING AND NIAGARA,Mechanical,10,20,E/B,4477
4-Apr-20,504,2:49:00 AM,Saturday,LESLIE AND COMMISSIONERS,Investigation,1,1,S/B,4556
4-Apr-20,304,4:46:00 AM,Saturday,Dundas West Station,Mechanical,5,10,E/B,4542
4-Apr-20,506,10:15:00 AM,Saturday,Gerrard and Jones,Mechanical,6,12,W/B,4419
4-Apr-20,501,10:27:00 AM,Saturday,Roncesvalles Ave and Queen,Investigation,8,16,W/B,4539
4-Apr-20,501,12:58:00 PM,Saturday,Queen & Roncesvalles,Investigation,5,10,N/B,4476
4-Apr-20,501,1:00:00 PM,Saturday,Roncesvalles and Queen,Investigation,7,14,W/B,4476
4-Apr-20,506,3:16:00 PM,Saturday,Broadview Station,Utilized Off Route,8,16,W/B,4430
4-Apr-20,506,3:41:00 PM,Saturday,Parliament and Gerrard,Utilized Off Route,8,16,E/B,4419
4-Apr-20,501,4:35:00 PM,Saturday,Queen Roncesvalles,Mechanical,5,10,N/B,4524
4-Apr-20,501,4:50:00 PM,Saturday,Nevillepark,Mechanical,6,12,W/B,4571
4-Apr-20,501,5:15:00 PM,Saturday,Nevillepark,Mechanical,7,14,W/B,4543
4-Apr-20,512,5:55:00 PM,Saturday,St. Clair Station,Mechanical,6,12,E/B,4421
5-Apr-20,304,3:12:00 AM,Sunday,BROADVIEW STATION,Emergency Services,1,1,N/B,4584
5-Apr-20,310,5:08:00 AM,Sunday,Lower Spadina and QueensQuay,Mechanical,15,30,N/B,4561
5-Apr-20,506,5:17:00 AM,Sunday,Leslie St and Queen St E,Held By,10,15,E/B,4602
5-Apr-20,506,5:18:00 AM,Sunday,Leslie St and Queen St E,Held By,9,20,E/B,4591
5-Apr-20,504,5:24:00 AM,Sunday,Leslie St and Queen St E,Held By,39,25,W/B,4556
5-Apr-20,509,5:27:00 AM,Sunday,Leslie St and Queen St E,Held By,37,24,W/B,4531
5-Apr-20,506,5:28:00 AM,Sunday,,Held By,38,20,E/B,4493
5-Apr-20,504,5:39:00 AM,Sunday,Leslie St and Queen St E,Held By,28,18,E/B,4575
5-Apr-20,504,8:18:00 AM,Sunday,Queen and Broadview,Investigation,10,20,E/B,4498
5-Apr-20,501,12:10:00 PM,Sunday,Queen and Connaught,Mechanical,7,14,W/B,4458
5-Apr-20,506,12:57:00 PM,Sunday,Gerrard and Coxwell,Mechanical,7,14,E/B,4402
5-Apr-20,506,2:29:00 PM,Sunday,Norwood and Gerrard,Emergency Services,27,34,E/B,4602
5-Apr-20,501,2:42:00 PM,Sunday,Queen & Jarvis,Mechanical,7,14,W/B,4587
5-Apr-20,506,4:06:00 PM,Sunday,Roncesvalles and Howard Park,Mechanical,7,14,W/B,4602
5-Apr-20,501,5:15:00 PM,Sunday,Queen Woodfield,Investigation,7,14,W/B,4596
5-Apr-20,501,6:15:00 PM,Sunday,Queen Dufferin,Held By,7,14,W/B,4592
5-Apr-20,504,6:18:00 PM,Sunday,Queen and Dufferin,Mechanical,92,100,W/B,4431
5-Apr-20,505,6:28:00 PM,Sunday,Dundas West STN,Emergency Services,8,16,E/B,3137
5-Apr-20,504,9:18:00 PM,Sunday,Roncesvalles and Queen,Mechanical,42,52,S/B,4464
5-Apr-20,504,11:30:00 PM,Sunday,Queen and Portland,Held By,43,53,E/B,4518
5-Apr-20,510,11:44:00 PM,Sunday,Spadina and Front,Mechanical,10,20,N/B,4572
6-Apr-20,511,1:28:00 AM,Monday,Bathurst STN and CNE Loop,Utilized Off Route,1,1,B/W,8673
6-Apr-20,306,2:18:00 AM,Monday,gerrard and Broadview,Held By,30,40,E/B,4602
6-Apr-20,504,2:18:00 AM,Monday,Broadview and Gerrard,Held By,16,31,N/B,4534
6-Apr-20,301,2:35:00 AM,Monday,Neville Loop,Investigation,25,35,E/B,4545
6-Apr-20,301,3:33:00 AM,Monday,Queen and Dunn,Emergency Services,47,57,E/B,4522
6-Apr-20,304,3:36:00 AM,Monday,Queen and O'Hara,Emergency Services,37,52,W/B,4534
6-Apr-20,506,5:07:00 AM,Monday,Leslie St and Queen St E,Late Leaving Garage,8,16,E/B,4429
6-Apr-20,504,5:24:00 AM,Monday,Leslie St and Queen St E,Mechanical,10,14,W/B,4505
6-Apr-20,510,5:24:00 AM,Monday,Leslie St and Queen St E,Held By,11,15,W/B,4447
6-Apr-20,512,5:25:00 AM,Monday,Leslie St and Queen St E,Held By,10,13,W/B,4601
6-Apr-20,509,5:26:00 AM,Monday,Leslie St and Queen St E,Held By,10,20,W/B,4496
6-Apr-20,504,5:31:00 AM,Monday,Leslie St and Queen St E,Held By,7,18,W/B,4532
6-Apr-20,506,5:31:00 AM,Monday,Leslie St and Queen St E,Held By,7,16,E/B,4540
6-Apr-20,501,5:47:00 AM,Monday,Roncesvalles and Queen,Held By,5,15,W/B,4520
6-Apr-20,510,6:44:00 AM,Monday,Leslie St and Queen St E,Late Leaving Garage,6,10,W/B,4522
6-Apr-20,504,6:46:00 AM,Monday,Leslie St and Queen St E,Late Leaving Garage,5,9,E/B,4448
6-Apr-20,506,9:39:00 AM,Monday,Main STN,Investigation,8,16,WB,4422
6-Apr-20,501,10:51:00 AM,Monday,Queen/Dufferin,Investigation,7,14,W/B,4524
6-Apr-20,501,12:02:00 PM,Monday,Queen/Greenwood,Mechanical,6,13,E/B,4455
6-Apr-20,506,12:06:00 PM,Monday,College and Lansdowne,Mechanical,8,16,W/B,4412
6-Apr-20,501,2:26:00 PM,Monday,Queen and Leslie,Investigation,9,18,E/B,4545
6-Apr-20,504,2:27:00 PM,Monday,King and Dufferin,Mechanical,6,12,E/B,4567
6-Apr-20,511,3:07:00 PM,Monday,Bathurst and Dundas,Investigation,13,23,N/B,4593
6-Apr-20,501,4:25:00 PM,Monday,Queen  and Spadina,Mechanical,7,14,E/B,4481
6-Apr-20,501,7:45:00 PM,Monday,Roncesvalles and Queensway,Mechanical,8,16,E/B,4526
6-Apr-20,512,8:30:00 PM,Monday,Gunns Road & St Clair,Mechanical,7,14,W/B,4505
7-Apr-20,510,1:25:00 AM,Tuesday,Spadina Station,Emergency Services,1,1,N/B,4426
7-Apr-20,501,5:36:00 AM,Tuesday,Queen and Connaught,Late Leaving Garage,8,17,W/B,4456
7-Apr-20,501,5:36:00 AM,Tuesday,Queen and Connaught,Late Leaving Garage,6,8,W/B,4544
7-Apr-20,504,10:34:00 AM,Tuesday,Kind/Spadina,Investigation,8,16,N/B,4468
7-Apr-20,509,11:42:00 AM,Tuesday,Dan lackie way and Queensquey,Held By,10,20,E/B,4554
7-Apr-20,512,11:49:00 AM,Tuesday,st.clair and dufferin,Investigation,41,45,E/B,4527
7-Apr-20,505,12:22:00 PM,Tuesday,Broadview Station,Mechanical,7,14,W/B,3130
7-Apr-20,501,12:41:00 PM,Tuesday,Queen and Bay,Investigation,20,27,W/B,4441
7-Apr-20,504,3:31:00 PM,Tuesday,King and  Bathurst,Investigation,0,0,E/B,8056
7-Apr-20,505,3:54:00 PM,Tuesday,Broadview Station,Mechanical,7,14,W/B,8133
7-Apr-20,512,5:02:00 PM,Tuesday,St Clair at Bathurst,Mechanical,4,8,W/B,4544
7-Apr-20,705,5:33:00 PM,Tuesday,Union Station,Mechanical,1,1,E/B,4505
7-Apr-20,510,5:33:00 PM,Tuesday,Union Station,Held By,45,53,E/B,4447
7-Apr-20,509,5:33:00 PM,Tuesday,Union Station,Held By,45,53,E/B,4595
7-Apr-20,505,6:58:00 PM,Tuesday,Dundas and Brock,Held By,7,15,W/B,3311
7-Apr-20,506,8:01:00 PM,Tuesday,Carlton & College,Investigation,1,1,E/B,4410
7-Apr-20,501,9:19:00 PM,Tuesday,Humber Loop,Emergency Services,31,39,E/B,4566
7-Apr-20,510,9:57:00 PM,Tuesday,Spadina Station,Mechanical,4,9,S/B,4564
8-Apr-20,501,12:08:00 AM,Wednesday,Queen and Empire,Emergency Services,10,20,E/B,4454
8-Apr-20,301,2:33:00 AM,Wednesday,RONCESSVALLES AND QUEEN,Investigation,1,1,E/B,4520
8-Apr-20,506,6:03:00 AM,Wednesday,Main station,Mechanical,8,16,E/B,4402
8-Apr-20,512,6:10:00 AM,Wednesday,Tweedsmere,Mechanical,45,51,E/B,4561
8-Apr-20,509,8:58:00 AM,Wednesday,Bathurst and Fleet,Investigation,15,22,E/B,4452
8-Apr-20,511,9:01:00 AM,Wednesday,Fleet/Bathurst,Held By,12,20,N/B,4421
8-Apr-20,512,9:10:00 AM,Wednesday,SCW,Mechanical,4,8,W/B,4531
8-Apr-20,506,1:35:00 PM,Wednesday,Main & Gerrard,Mechanical,38,38,W/B,4430
8-Apr-20,504,3:11:00 PM,Wednesday,Dundas West Station,Investigation,49,56,E/B,4470
8-Apr-20,510,3:30:00 PM,Wednesday,Queen at Carlaw,Mechanical,10,20,W/B,4583
8-Apr-20,504,3:50:00 PM,Wednesday,Queen and Roncy,Investigation,7,14,W/B,4519
8-Apr-20,501,5:30:00 PM,Wednesday,Queen and Ryerson,Investigation,13,13,W/B,8932
8-Apr-20,505,6:20:00 PM,Wednesday,Dundas W Station,Mechanical,7,14,E/B,1275
8-Apr-20,501,7:18:00 PM,Wednesday,Queen and Greenwood,Mechanical,5,10,E/B,4517
8-Apr-20,501,8:45:00 PM,Wednesday,Queen and Connaught,Mechanical,8,15,W/B,4543
9-Apr-20,301,2:56:00 AM,Thursday,QUEEN AND YONGE,Mechanical,15,30,E/B,4494
9-Apr-20,52,5:47:00 AM,Thursday,Jane and Lawrence,Mechanical,1,1,E/B,8191
9-Apr-20,505,6:46:00 AM,Thursday,Broadview station,Mechanical,5,10,W/B,8555
9-Apr-20,505,9:44:00 AM,Thursday,Broadview station,Mechanical,5,10,W/B,8589
9-Apr-20,501,9:49:00 AM,Thursday,Spadina/Queen,Mechanical,6,13,E/B,4463
9-Apr-20,504,11:02:00 AM,Thursday,Broadview and Jack Layton,Mechanical,14,21,W/B,4436
9-Apr-20,705,12:37:00 PM,Thursday,CNE Loop,Mechanical,1294,1304,S/B,4445
9-Apr-20,504,12:59:00 PM,Thursday,King at John,Mechanical,6,12,W/B,4542
9-Apr-20,504,2:06:00 PM,Thursday,King at Bathurst,Mechanical,7,14,W/B,4497
9-Apr-20,504,2:37:00 PM,Thursday,Dufferin Loop,Emergency Services,8,16,S/B,4593
9-Apr-20,509,4:00:00 PM,Thursday,Bathurst and Queens Quay,Utilized Off Route,9,18,E/B,4432
9-Apr-20,501,4:18:00 PM,Thursday,Queen asd Kingston,Mechanical,8,16,W/B,4429
9-Apr-20,504,5:10:00 PM,Thursday,Dufferin Loop,Investigation,1,1,S/B,4556
9-Apr-20,506,8:24:00 PM,Thursday,High Park`,Mechanical,7,11,E/B,4469
9-Apr-20,501,9:44:00 PM,Thursday,Humber Loop,Mechanical,8,16,E/B,4449
9-Apr-20,510,10:54:00 PM,Thursday,UNION STATION,Mechanical,9,18,N/B,4550
10-Apr-20,511,1:31:00 AM,Friday,Bathurst STN,Utilized Off Route,1,1,B/W,1346
10-Apr-20,501,5:30:00 AM,Friday,Russell yard,Late Leaving Garage,10,20,E/B,4426
10-Apr-20,504,6:26:00 AM,Friday,King/Spadina,Investigation,8,16,W/B,4518
10-Apr-20,504,9:14:00 AM,Friday,Queen/Dufferin,Mechanical,8,16,W/B,4486
10-Apr-20,501,10:02:00 AM,Friday,Roncesvalles and Queen,Emergency Services,10,20,E/B,4479
10-Apr-20,11,11:11:00 AM,Friday,,General Delay,1,1,E/B,111
10-Apr-20,510,11:16:00 AM,Friday,Queens Quay Loop,Investigation,4,8,E/B,4590
10-Apr-20,504,11:21:00 AM,Friday,Dufferin loop,Utilized Off Route,8,16,E/B,4518
10-Apr-20,501,12:44:00 PM,Friday,Queen and Spadina,Mechanical,6,12,W/B,4543
10-Apr-20,506,1:02:00 PM,Friday,Gerrard  Leslie,Held By,38,46,W/B,4482
10-Apr-20,505,1:56:00 PM,Friday,Dundas Church,Investigation,8,16,E/B,8917
10-Apr-20,509,2:35:00 PM,Friday,CNE Loop,Investigation,7,14,E/B,4585
10-Apr-20,501,2:35:00 PM,Friday,Roncy and Queen,Mechanical,6,12,W/B,4501
10-Apr-20,510,3:43:00 PM,Friday,Spadina & Queensquay,Mechanical,4,8,S/B,4595
10-Apr-20,510,3:54:00 PM,Friday,Spadina & Queensquay,Mechanical,4,8,S/B,4583
10-Apr-20,510,3:56:00 PM,Friday,Spadina & Queensquay,Mechanical,4,8,S/B,4432
10-Apr-20,510,4:04:00 PM,Friday,Spadina & Queensquay,Mechanical,4,8,S/B,4561
10-Apr-20,510,4:04:00 PM,Friday,Spadina & Queensquay,Mechanical,4,8,S/B,4574
10-Apr-20,510,4:35:00 PM,Friday,Spadina & Queensquay,Mechanical,4,8,S/B,4581
10-Apr-20,510,4:46:00 PM,Friday,Spadina & Queensquay,Mechanical,4,8,S/B,4547
10-Apr-20,510,4:57:00 PM,Friday,Spadina & Queensquay,Mechanical,4,8,S/B,4550
10-Apr-20,510,5:10:00 PM,Friday,Spadina & Queensquay,Mechanical,4,8,S/B,4459
10-Apr-20,510,5:11:00 PM,Friday,Spadina & Queensquay,Mechanical,4,8,S/B,4528
10-Apr-20,510,5:20:00 PM,Friday,Spadina & Queensquay,Mechanical,4,8,S/B,4451
10-Apr-20,510,5:24:00 PM,Friday,Spadina & Queensquay,Mechanical,4,8,S/B,4562
10-Apr-20,510,5:30:00 PM,Friday,Spadina & Queensquay,Mechanical,4,8,S/B,4556
10-Apr-20,510,5:40:00 PM,Friday,Spadina & Queensquay,Mechanical,4,8,S/B,4541
10-Apr-20,510,5:52:00 PM,Friday,Spadina & queensquay,Mechanical,4,8,S/B,4548
10-Apr-20,510,6:34:00 PM,Friday,Spadina & Queensquay,Mechanical,4,8,S/B,4590
10-Apr-20,510,6:37:00 PM,Friday,Spadina & Queensquay,Mechanical,4,8,S/B,4499
10-Apr-20,510,9:05:00 PM,Friday,Union Station,Mechanical,4,5,W/B,4499
10-Apr-20,504,11:24:00 PM,Friday,KING AND UNIVERSITY,Mechanical,10,20,E/B,4547
11-Apr-20,301,12:53:00 AM,Saturday,Queen and Connaught,Investigation,10,20,E/B,4597
11-Apr-20,511,4:35:00 AM,Saturday,King and Bathurst,Late Leaving Garage,10,20,N/B,4595
11-Apr-20,301,5:25:00 AM,Saturday,Queen and Sarah Ashbridge,Investigation,7,17,E/B,4586
11-Apr-20,506,7:18:00 AM,Saturday,Upper Gerrard Coxwell,Mechanical,8,16,E/B,4436
11-Apr-20,501,10:19:00 AM,Saturday,Queen and Peter,Mechanical,8,17,E/B,4552
11-Apr-20,504,10:51:00 AM,Saturday,King and Stratchan,Held By,31,38,E/B,4513
11-Apr-20,504,10:51:00 AM,Saturday,King and Stratchan,Held By,9,16,W/B,4551
11-Apr-20,509,11:11:00 AM,Saturday,Exhibition Loop,Mechanical,8,16,E/B,4603
11-Apr-20,511,11:19:00 AM,Saturday,Bathurst and Queen,Investigation,8,16,S/B,4540
11-Apr-20,506,11:32:00 AM,Saturday,College Elizabeth,Mechanical,8,16,W/B,3136
11-Apr-20,510,2:25:00 PM,Saturday,Queens Quay Loop,Mechanical,7,14,N/B,4518
11-Apr-20,504,3:27:00 PM,Saturday,,Investigation,32,42,N/B,4590
11-Apr-20,505,3:45:00 PM,Saturday,Broadview and Gerrard,Held By,15,25,N/B,8523
11-Apr-20,501,3:58:00 PM,Saturday,Lakeshore and Kipling,Held By,10,20,W/B,4591
11-Apr-20,501,4:06:00 PM,Saturday,Neville Park,Mechanical,6,12,W/B,4579
11-Apr-20,511,4:52:00 PM,Saturday,Bathurst Station,Emergency Services,14,20,S/B,4530
11-Apr-20,506,5:42:00 PM,Saturday,Coxwell and Gerrard,Held By,2,11,S/B,4423
11-Apr-20,505,6:45:00 PM,Saturday,Dundas West STN,Investigation,10,20,E/B,3124
11-Apr-20,501,7:00:00 PM,Saturday,Queen and Bathurst,Mechanical,6,12,W/B,7477
11-Apr-20,506,7:12:00 PM,Saturday,Gerrard and Coxwell,Utilized Off Route,9,18,E/B,4422
11-Apr-20,504,8:56:00 PM,Saturday,DUFFERIN LOOP,Emergency Services,1,1,S/B,4496
11-Apr-20,501,9:06:00 PM,Saturday,Humber Loop,Investigation,10,20,W/B,4441
11-Apr-20,511,11:09:00 PM,Saturday,Bathurst Station,Overhead - Pantograph,87,99,S/B,4568
11-Apr-20,501,11:42:00 PM,Saturday,Lakeshore and Parklawn,Mechanical,10,20,E/B,4456
12-Apr-20,301,1:40:00 AM,Sunday,Russell Yard,Mechanical,10,20,E/B,4456
12-Apr-20,304,2:10:00 AM,Sunday,DUNDAS WEST STN,Mechanical,15,30,S/B,4595
12-Apr-20,505,5:35:00 AM,Sunday,Broadview Station,Investigation,1,1,E/B,9225
12-Apr-20,504,5:53:00 AM,Sunday,Wilson Park and King,Investigation,5,10,E/B,4454
12-Apr-20,509,8:59:00 AM,Sunday,Bathust & Fleet,Mechanical,12,24,W/B,4437
12-Apr-20,510,9:04:00 AM,Sunday,King & Spadina,Late Leaving Garage,4,8,N/B,4540
12-Apr-20,510,9:08:00 AM,Sunday,King & Spadina,Late Leaving Garage,4,8,N/B,4582
12-Apr-20,501,10:07:00 AM,Sunday,Greenwood,Investigation,10,20,E/B,4545
12-Apr-20,505,10:39:00 AM,Sunday,Dundas Manning,Investigation,8,16,W/B,9208
12-Apr-20,501,1:01:00 PM,Sunday,Queen Woodfield,Mechanical,7,14,W/B,4504
12-Apr-20,11,1:05:00 PM,Sunday,King and Parliament,Mechanical,9,18,W/B,4560
12-Apr-20,501,2:17:00 PM,Sunday,Lakeshore & 5th street,Held By,10,20,E/B,4450
12-Apr-20,510,5:28:00 PM,Sunday,Spadina Station,Mechanical,3,6,S/B,4566
12-Apr-20,504,6:10:00 PM,Sunday,King and Sumach,Mechanical,9,18,E/B,4513
12-Apr-20,509,6:30:00 PM,Sunday,Bathurst and Fort York,Held By,1,1,N/B,4564
12-Apr-20,511,6:30:00 PM,Sunday,Bathurst and King,Held By,15,30,S/B,4502
12-Apr-20,504,11:46:00 PM,Sunday,Dufferin Loop,Mechanical,8,16,E/B,4584
13-Apr-20,501,12:12:00 AM,Monday,Queen St E and Beech Ave,Emergency Services,84,94,E/B,4481
13-Apr-20,512,5:38:00 AM,Monday,Broadview Gerrard,Mechanical,1,1,S/B,4600
13-Apr-20,504,5:48:00 AM,Monday,Roncesvalles And Queen,Held By,5,10,E/B,4472
13-Apr-20,511,5:50:00 AM,Monday,Bathurst and King,General Delay,20,15,N/B,
13-Apr-20,510,5:50:00 AM,Monday,Spadina and King,General Delay,20,12,N/B,
13-Apr-20,509,5:50:00 AM,Monday,Bathurst and Fleet,General Delay,20,15,W/B,
13-Apr-20,501,7:29:00 AM,Monday,Conaught and Queen,Overhead - Pantograph,1,1,E/B,4567
13-Apr-20,506,8:22:00 AM,Monday,Main STN,Emergency Services,8,16,W/B,4490
13-Apr-20,506,9:32:00 AM,Monday,Church and Carlton,Mechanical,1,1,E/B,4538
13-Apr-20,506,10:57:00 AM,Monday,Greenwood and Gerrard,Investigation,8,16,E/B,4425
13-Apr-20,504,11:03:00 AM,Monday,Dufferin Loop,Mechanical,8,16,E/B,4514
13-Apr-20,501,3:36:00 PM,Monday,Queen & Church,Mechanical,5,9,W/B,4506
13-Apr-20,511,3:39:00 PM,Monday,Bathurst and Nassau,Held By,13,23,N/B,4599
13-Apr-20,505,4:12:00 PM,Monday,Dundas and Jarvis,Mechanical,6,12,E/B,8544
13-Apr-20,505,5:08:00 PM,Monday,Broadview Station,Emergency Services,6,12,W/B,8317
13-Apr-20,511,5:15:00 PM,Monday,Bathurst Station,Investigation,10,20,N/B,3325
13-Apr-20,510,6:45:00 PM,Monday,Spadina and Queensquay,Diversion,60,1,S/B,4583
14-Apr-20,510,12:01:00 AM,Tuesday,SPADINA STATION,Mechanical,9,18,S/B,4569
14-Apr-20,512,12:28:00 AM,Tuesday,VAUGHAN AND ST.CLAIR,Investigation,8,27,W/B,4440
14-Apr-20,512,1:39:00 AM,Tuesday,ST.CLAIR STATION,Mechanical,10,20,W/B,4431
14-Apr-20,310,4:00:00 AM,Tuesday,Spadina and Sussex,Mechanical,15,30,S/B,4555
14-Apr-20,510,4:45:00 AM,Tuesday,Spadina and King,General Delay,20,15,N/B,
14-Apr-20,509,5:40:00 AM,Tuesday,Fleet and Bathurst,General Delay,15,12,W/B,
14-Apr-20,511,7:22:00 AM,Tuesday,Bathurst and Fort York,Investigation,10,20,S/B,4451
14-Apr-20,506,7:32:00 AM,Tuesday,Main STN,Mechanical,8,15,W/B,4424
14-Apr-20,504,9:55:00 AM,Tuesday,Bathurst / King,Diversion,5,10,E/B,4552
14-Apr-20,501,4:00:00 PM,Tuesday,Queen & Gladstone,Mechanical,6,16,W/B,4526
14-Apr-20,505,4:05:00 PM,Tuesday,Dundas/Bay,Investigation,6,12,W/B,8442
14-Apr-20,509,4:30:00 PM,Tuesday,CNE Loop,Mechanical,8,16,E/B,4547
14-Apr-20,504,5:12:00 PM,Tuesday,King and Atlantic,Investigation,0,0,W/B,4589
14-Apr-20,505,5:33:00 PM,Tuesday,Spadina and Dundas,Investigation,6,12,E/B,8389
14-Apr-20,504,6:39:00 PM,Tuesday,Broadview Stn,Mechanical,7,14,W/B,4530
14-Apr-20,505,6:46:00 PM,Tuesday,Gerrard/Dundas,Utilized Off Route,6,12,S/B,8490
14-Apr-20,505,6:58:00 PM,Tuesday,Broadview Station,Utilized Off Route,0,0,W/B,8885
14-Apr-20,510,7:38:00 PM,Tuesday,Spadina and Queensquay,Mechanical,5,10,N/B,4508
14-Apr-20,501,8:15:00 PM,Tuesday,King & Sherbourne,Investigation,8,15,W/B,4521
14-Apr-20,501,8:47:00 PM,Tuesday,NEVILLE LOOP,Investigation,8,16,W/B,4500
14-Apr-20,509,8:51:00 PM,Tuesday,CNE Loop,Mechanical,10,20,E/B,4541
15-Apr-20,512,1:05:00 AM,Wednesday,Gunns Loop,Investigation,0,0,W/B,8490
15-Apr-20,510,5:00:00 AM,Wednesday,Spadina and King,General Delay,20,15,N/B,
15-Apr-20,509,6:10:00 AM,Wednesday,Fleet and Bathurst,General Delay,12,10,W/B,
15-Apr-20,506,7:13:00 AM,Wednesday,Roncevalles and Howard Park,Mechanical,8,16,W/B,4561
15-Apr-20,506,7:59:00 AM,Wednesday,Coxwell and Gerrard,Late Leaving Garage,7,15,W/B,4423
15-Apr-20,510,9:32:00 AM,Wednesday,Spadina Station,Mechanical,5,10,S/B,4451
15-Apr-20,506,11:02:00 AM,Wednesday,Dundas West and Sorlauren,Held By,32,40,E/B,4482
15-Apr-20,501,11:43:00 AM,Wednesday,Longbranch Loop,Investigation,12,22,E/B,4474
15-Apr-20,501,1:24:00 PM,Wednesday,Queensway & Colborne Lodge,Mechanical,7,15,E/B,4534
15-Apr-20,501,1:40:00 PM,Wednesday,Neville Loop,Mechanical,7,15,W/B,4526
15-Apr-20,510,2:53:00 PM,Wednesday,CNE loop,Mechanical,5,10,W/B,4585
15-Apr-20,510,3:03:00 PM,Wednesday,CNE loop,Mechanical,5,10,W/B,4578
15-Apr-20,510,3:07:00 PM,Wednesday,CNE Loop,Mechanical,5,10,W/B,4467
15-Apr-20,510,3:28:00 PM,Wednesday,CNE loop,Mechanical,5,10,W/B,4546
15-Apr-20,510,3:40:00 PM,Wednesday,CNE Loop,Mechanical,5,10,W/B,4510
15-Apr-20,510,3:45:00 PM,Wednesday,CNE loop,Mechanical,5,10,W/B,4494
15-Apr-20,501,3:48:00 PM,Wednesday,Queen & Wineva,Held By,154,162,W/B,4443
15-Apr-20,510,4:08:00 PM,Wednesday,CNE loop,Mechanical,5,10,W/B,4435
15-Apr-20,510,4:18:00 PM,Wednesday,CNE Loop,Mechanical,5,10,W/B,4505
15-Apr-20,501,4:34:00 PM,Wednesday,Broadview & Gerrard,Held By,9,15,E/B,4434
15-Apr-20,510,4:34:00 PM,Wednesday,CNE loop,Mechanical,5,10,W/B,4498
15-Apr-20,510,4:38:00 PM,Wednesday,CNE Loop,Mechanical,5,10,W/B,4562
15-Apr-20,501,5:21:00 PM,Wednesday,Humber Loop,Mechanical,10,20,W/B,4560
15-Apr-20,510,5:28:00 PM,Wednesday,CNE loop,Mechanical,5,10,W/B,4514
15-Apr-20,510,5:57:00 PM,Wednesday,CNE loop,Mechanical,5,10,W/B,4573
15-Apr-20,510,6:41:00 PM,Wednesday,CNE loop,Mechanical,5,10,W/B,4555
15-Apr-20,510,7:10:00 PM,Wednesday,CNE loop,Mechanical,5,10,W/B,4541
15-Apr-20,504,8:22:00 PM,Wednesday,CHURCH AND KING,Held By,422,432,W/B,4556
15-Apr-20,504,10:37:00 PM,Wednesday,BROADVIEW AND GERRARD,Held By,30,40,S/B,4558
16-Apr-20,504,2:04:00 AM,Thursday,KING AND SPADINA,Diversion,1294,1304,E/B,4472
16-Apr-20,304,2:57:00 AM,Thursday,BROADVIEW STATION,Emergency Services,1,1,S/B,4582
16-Apr-20,301,3:47:00 AM,Thursday,CONNAUGHT AND QUEEN,Investigation,1,1,E/B,4590
16-Apr-20,301,4:04:00 AM,Thursday,RONCESSVALLES AND QUEEN,Mechanical,15,30,E/B,4554
16-Apr-20,504,4:28:00 AM,Thursday,King and Church,Diversion,1,2,B/W,4568
16-Apr-20,501,5:07:00 AM,Thursday,Neville loop,Held By,10,19,W/B,4543
16-Apr-20,506,7:09:00 AM,Thursday,High Park Loop,Investigation,8,16,E/B,4499
16-Apr-20,506,10:01:00 AM,Thursday,Main STN,Mechanical,8,16,W/B,4490
16-Apr-20,501,10:31:00 AM,Thursday,Queen/Sackville,Investigation,25,33,E/B,4521
16-Apr-20,510,11:49:00 AM,Thursday,Spadina Station,Mechanical,5,10,S/B,4544
16-Apr-20,511,2:13:00 PM,Thursday,Bathurst STN,Mechanical,10,20,S/B,4436
16-Apr-20,511,2:37:00 PM,Thursday,CNE Loop,Emergency Services,1,1,N/B,4532
16-Apr-20,501,2:46:00 PM,Thursday,Queen & Woodbine,Held By,10,17,W/B,4476
16-Apr-20,510,2:58:00 PM,Thursday,CNE Loop,Emergency Services,8,16,E/B,4566
16-Apr-20,504,4:07:00 PM,Thursday,King and Spadina,Mechanical,16,23,E/B,4553
16-Apr-20,506,4:09:00 PM,Thursday,High Park,Emergency Services,8,17,E/B,4502
16-Apr-20,510,4:09:00 PM,Thursday,Spadina and King,Held By,14,22,N/B,4579
16-Apr-20,705,4:47:00 PM,Thursday,Spadina STN,Utilized Off Route,8,16,S/B,4447
16-Apr-20,504,5:42:00 PM,Thursday,Queen and Church,Investigation,7,14,E/B,4552
16-Apr-20,510,5:55:00 PM,Thursday,Spadina and Queens Quay,Mechanical,8,16,E/B,4431
16-Apr-20,510,7:54:00 PM,Thursday,Spadina and King,Mechanical,8,16,N/B,4453
16-Apr-20,501,9:00:00 PM,Thursday,Queen and Sackville,Mechanical,8,16,3,4543
16-Apr-20,505,9:41:00 PM,Thursday,Dundas West Station,Emergency Services,9,18,E/B,8157
16-Apr-20,501,10:16:00 PM,Thursday,Queen and university,Mechanical,8,16,E/B,4596
16-Apr-20,501,10:26:00 PM,Thursday,Broadview and Gerrard,Mechanical,37,47,W/B,4577
16-Apr-20,506,10:58:00 PM,Thursday,Main Station,Mechanical,8,16,W/B,4487
16-Apr-20,504,11:31:00 PM,Thursday,SPADINA AND QUEEN,Mechanical,15,25,N/B,4553
17-Apr-20,304,2:20:00 AM,Friday,spadina and king,Diversion,155,180,E/B,4445
17-Apr-20,510,4:45:00 AM,Friday,King and Spadina,General Delay,15,20,N/B,4459
17-Apr-20,511,4:45:00 AM,Friday,Bathurst and King,General Delay,10,15,N/B,4446
17-Apr-20,510,5:20:00 AM,Friday,Queen and Spadina,Held By,5,14,N/B,4431
17-Apr-20,512,5:25:00 AM,Friday,Bathurst and St Clair,Held By,5,11,N/B,4461
17-Apr-20,509,5:26:00 AM,Friday,Bathurst and Fleet,Held By,4,14,S/B,4573
17-Apr-20,501,6:01:00 AM,Friday,Queensway/Windermere,Investigation,36,58,E/B,4540
17-Apr-20,501,7:03:00 AM,Friday,Queen And Connaught,Late Leaving Garage,7,13,E/B,
17-Apr-20,504,7:41:00 AM,Friday,King and Spadina,General Delay,1,2,B/W,4522
17-Apr-20,512,8:17:00 AM,Friday,St clair/Avenue Rd,Mechanical,4,8,E/B,4544
17-Apr-20,512,11:05:00 AM,Friday,St clair/Christie,Mechanical,5,11,W/B,4574
17-Apr-20,506,2:37:00 PM,Friday,High Park Loop,Mechanical,9,18,E/B,4469
17-Apr-20,504,2:53:00 PM,Friday,Spadina and Queen,Mechanical,7,14,E/B,4553
17-Apr-20,512,2:53:00 PM,Friday,Bathurst & St Clair,Investigation,5,9,W/B,4585
17-Apr-20,511,3:56:00 PM,Friday,King and Bathurst,Investigation,12,22,N/B,4436
17-Apr-20,504,4:27:00 PM,Friday,Broadview Sation,Mechanical,7,14,W/B,4599
17-Apr-20,511,4:50:00 PM,Friday,Bathurst and Lennox,Mechanical,6,16,S/B,4446
17-Apr-20,506,4:55:00 PM,Friday,College and Lansdown,Investigation,9,18,W/B,4516
17-Apr-20,504,5:01:00 PM,Friday,King and Spadina,Utilized Off Route,7,14,E/B,4537
17-Apr-20,510,6:40:00 PM,Friday,Charolette Loop,Mechanical,5,10,S/B,4555
17-Apr-20,510,7:10:00 PM,Friday,Charolette Loop,Utilized Off Route,5,10,N/B,4475
17-Apr-20,505,8:15:00 PM,Friday,Roncesvalles and Dundas,Held By,10,20,S/B,8664
17-Apr-20,510,8:52:00 PM,Friday,SPADINA AND QUEENSQUAY,Emergency Services,5,10,N/B,4559
17-Apr-20,510,9:28:00 PM,Friday,SPADINA STATIION,Mechanical,5,10,S/B,4451
17-Apr-20,510,9:46:00 PM,Friday,SPADINA AND KING,Utilized Off Route,5,10,S/B,4559
17-Apr-20,504,9:52:00 PM,Friday,KING AND QUEEN ( DVP BRIDGE),Investigation,111,121,W/B,4499
17-Apr-20,501,10:03:00 PM,Friday,King and Queen (DVP Bridge),Held By,101,109,W/B,4549
17-Apr-20,506,11:02:00 PM,Friday,Gerrard and Parliament,Investigation,9,18,W/B,4423
18-Apr-20,505,12:22:00 AM,Saturday,Broadview and Gerrard,Investigation,10,20,N/B,8669
18-Apr-20,505,12:34:00 AM,Saturday,Dundas West STN,Emergency Services,10,20,E/B,3124
18-Apr-20,504,12:42:00 AM,Saturday,KING AND BAY,Emergency Services,10,20,W/B,4497
18-Apr-20,304,2:36:00 AM,Saturday,DUNDAS WEST STATION,Mechanical,4,8,S/B,4527
18-Apr-20,301,3:00:00 AM,Saturday,Longbranch Loop,Mechanical,10,20,ew,4520
18-Apr-20,501,4:09:00 AM,Saturday,Russell Yard,Late Leaving Garage,10,20,E/B,4602
18-Apr-20,510,5:30:00 AM,Saturday,Spadina at King,Late Leaving Garage,15,30,N/B,4451
18-Apr-20,510,8:29:00 AM,Saturday,Spadina and King,Late Leaving Garage,12,10,N/B,4558
18-Apr-20,510,9:03:00 AM,Saturday,Spadina and King,Late Leaving Garage,10,10,N/B,4580
18-Apr-20,510,9:33:00 AM,Saturday,Spadina/Lake Shore BLVD,Investigation,4,8,N/B,4451
18-Apr-20,505,1:37:00 PM,Saturday,Dundas Parliament,Investigation,6,12,W/B,1371
18-Apr-20,510,2:30:00 PM,Saturday,Spadina and Front St.,Mechanical,8,16,N/B,4529
18-Apr-20,509,7:40:00 PM,Saturday,Fleet Loop,Investigation,10,20,E/B,4524
19-Apr-20,501,4:10:00 AM,Sunday,Queen and Neville Park Rd.,Held By,34,1,E/B,4454
19-Apr-20,510,7:19:00 AM,Sunday,Spadina and Dundas,Mechanical,15,30,N/B,4597
19-Apr-20,501,8:37:00 AM,Sunday,Humber Loop,Emergency Services,10,20,E/B,4567
19-Apr-20,501,9:53:00 AM,Sunday,Queen and Greenwood,Mechanical,10,20,E/B,4567
19-Apr-20,501,10:46:00 AM,Sunday,Queen and Jarvis,Mechanical,10,20,W/B,4526
19-Apr-20,501,12:17:00 PM,Sunday,Neville Park,Mechanical,7,14,W/B,4528
19-Apr-20,505,1:18:00 PM,Sunday,Braodview Station,Investigation,8,10,W/B,7942
19-Apr-20,501,2:51:00 PM,Sunday,Humber Loop,Mechanical,6,12,E/B,4554
19-Apr-20,501,3:01:00 PM,Sunday,Queem Broadview,Utilized Off Route,7,14,W/B,4454
19-Apr-20,505,3:12:00 PM,Sunday,Dundas Parliament,Investigation,5,10,E/B,8565
19-Apr-20,501,3:13:00 PM,Sunday,Neville park,Mechanical,7,14,W/B,4543
19-Apr-20,510,3:57:00 PM,Sunday,Queensquay and Spadina,Mechanical,7,14,S/B,4527
19-Apr-20,501,5:09:00 PM,Sunday,Queen Spadina,Mechanical,7,14,W/B,4526
19-Apr-20,506,5:20:00 PM,Sunday,Broadview and Gerrard,Utilized Off Route,9,18,W/B,4486
19-Apr-20,510,8:45:00 PM,Sunday,Spadina Station,Mechanical,5,10,S/B,4510
19-Apr-20,510,9:04:00 PM,Sunday,Spadina and Queensquay,Utilized Off Route,5,10,S/B,4565
19-Apr-20,504,10:30:00 PM,Sunday,Broadview and Dundas,Investigation,17,25,E/B,4533
20-Apr-20,506,12:37:00 AM,Monday,Main STN,Mechanical,9,18,W/B,4402
20-Apr-20,504,1:52:00 AM,Monday,Broadview and Mountstephen,Investigation,2,15,N/B,4591
20-Apr-20,510,2:15:00 AM,Monday,Spadina and King,Investigation,15,30,N/B,4529
20-Apr-20,505,6:53:00 AM,Monday,Gerrard and Broadview,Mechanical,1,2,E/B,4436
20-Apr-20,501,6:58:00 AM,Monday,Queen/River,Investigation,23,31,E/B,4600
20-Apr-20,510,7:10:00 AM,Monday,Queen and  Leslie,Mechanical,5,9,W/B,4424
20-Apr-20,501,7:13:00 AM,Monday,Queen/Jones,Held By,8,16,W/B,4567
20-Apr-20,505,7:26:00 AM,Monday,Gerrard and Broadview,Mechanical,1,2,E/B,4405
20-Apr-20,505,8:12:00 AM,Monday,Gerrard and Broadview,Mechanical,1,2,E/B,4559
20-Apr-20,510,9:30:00 AM,Monday,Spadina and Dundas,Mechanical,4,9,S/B,4470
20-Apr-20,510,9:53:00 AM,Monday,Spadina and Queen,Mechanical,5,9,S/B,4470
20-Apr-20,501,11:05:00 AM,Monday,Neville Loop,Mechanical,7,15,W/B,4406
20-Apr-20,506,1:52:00 PM,Monday,College and University,Held By,13,21,W/B,4490
20-Apr-20,504,2:28:00 PM,Monday,Dufferin Loop,Investigation,7,14,W/B,4562
20-Apr-20,512,4:15:00 PM,Monday,St Clair & Yonge,Mechanical,10,15,W/B,4452
20-Apr-20,505,5:04:00 PM,Monday,Gerrard and Broadview`,Mechanical,23,31,S/B,4559
20-Apr-20,506,5:04:00 PM,Monday,Gerrard and Broadview,Held By,23,32,E/B,4411
20-Apr-20,505,6:03:00 PM,Monday,Dundas and Parliament,Emergency Services,8,16,W/B,4586
20-Apr-20,505,7:43:00 PM,Monday,Dundas and Mccaul,Mechanical,46,50,E/B,4436
20-Apr-20,510,7:55:00 PM,Monday,Spadina and Queen,Mechanical,91,101,S/B,4556
20-Apr-20,510,8:00:00 PM,Monday,Spadina and Quen,Utilized Off Route,5,10,S/B,4578
20-Apr-20,505,8:14:00 PM,Monday,College and Mccaule,Mechanical,67,75,E/B,4555
20-Apr-20,501,10:13:00 PM,Monday,Queen and Neville,Mechanical,8,16,W/B,4477
20-Apr-20,501,11:36:00 PM,Monday,Queen and Palmerston,Held By,34,44,W/B,4561
21-Apr-20,501,12:42:00 AM,Tuesday,NEVILLE LOOP,Investigation,17,27,W/B,4602
21-Apr-20,509,1:12:00 AM,Tuesday,EXHIBITION LOOP,Investigation,9,18,E/B,4458
21-Apr-20,301,2:50:00 AM,Tuesday,Humber Loop,Investigation,10,20,E/B,4464
21-Apr-20,301,3:47:00 AM,Tuesday,Longbranch Loop,Mechanical,15,30,W/B,4542
21-Apr-20,310,4:57:00 AM,Tuesday,Union station,Mechanical,15,30,W/B,4533
21-Apr-20,505,5:12:00 AM,Tuesday,Leslie St at Queen St E,Held By,4,10,W/B,4461
21-Apr-20,504,5:15:00 AM,Tuesday,Leslie St and Queen St E,Late Leaving Garage,11,15,W/B,4572
21-Apr-20,505,5:59:00 AM,Tuesday,Broadview and Dundas,Investigation,9,18,E/B,4527
21-Apr-20,504,6:39:00 AM,Tuesday,Roncesvalles/Queen,Investigation,8,16,E/B,4591
21-Apr-20,504,7:47:00 AM,Tuesday,Dufferin/King,Mechanical,8,16,E/B,4558
21-Apr-20,505,8:01:00 AM,Tuesday,Dundas and Parliament,Mechanical,1,2,E/B,4529
21-Apr-20,506,8:14:00 AM,Tuesday,Spadina and College,Held By,83,91,E/B,4491
21-Apr-20,505,8:20:00 AM,Tuesday,Dundas and Parliament,Mechanical,8,16,W/B,4436
21-Apr-20,510,8:54:00 AM,Tuesday,Lower Spadina and QueensQuay,Mechanical,5,9,N/B,4498
21-Apr-20,505,9:04:00 AM,Tuesday,Gerrard and Broadview,Investigation,8,16,E/B,4601
21-Apr-20,501,9:20:00 AM,Tuesday,Bay-York,Investigation,9,16,B/W,4476
21-Apr-20,501,9:48:00 AM,Tuesday,St clair/Weston Rd,Investigation,16,21,B/W,4583
21-Apr-20,501,9:50:00 AM,Tuesday,Queen/University,Mechanical,6,13,W/B,4434
21-Apr-20,505,10:26:00 AM,Tuesday,Dundas and George,Held By,9,18,B/W,4527
21-Apr-20,501,10:27:00 AM,Tuesday,Queen/Leslie,Mechanical,7,15,E/B,4602
21-Apr-20,501,10:39:00 AM,Tuesday,Humber Loop,Mechanical,10,20,W/B,4474
21-Apr-20,510,10:40:00 AM,Tuesday,Spadina Station,Mechanical,5,9,S/B,4405
21-Apr-20,505,10:55:00 AM,Tuesday,College and Bay,Overhead - Pantograph,33,42,B/W,4601
21-Apr-20,505,11:21:00 AM,Tuesday,McCaul and Dundas,Overhead - Pantograph,9,18,W/B,4564
21-Apr-20,506,12:11:00 PM,Tuesday,College and Bay,Mechanical,7,14,E/B,4427
21-Apr-20,503,12:36:00 PM,Tuesday,Kingston Rd and Waverly,Diversion,192,202,W/B,3114
21-Apr-20,506,1:24:00 PM,Tuesday,Main Station,Mechanical,8,16,W/B,4418
21-Apr-20,501,6:14:00 PM,Tuesday,Queen & River,Held By,22,29,E/B,4526
21-Apr-20,505,6:16:00 PM,Tuesday,Dundas and College,Mechanical,8,17,E/B,4594
21-Apr-20,506,6:45:00 PM,Tuesday,College and Beverley,Mechanical,8,17,E/B,4487
21-Apr-20,504,6:45:00 PM,Tuesday,Roncy and Queen,Held By,13,20,W/B,4495
21-Apr-20,506,7:53:00 PM,Tuesday,Main Station,Mechanical,8,13,W/B,4484
21-Apr-20,501,8:22:00 PM,Tuesday,HUMBER LOOP,Investigation,4,12,W/B,4434
21-Apr-20,506,8:25:00 PM,Tuesday,,Emergency Services,13,21,W/B,4422
21-Apr-20,506,11:23:00 PM,Tuesday,College and Landsdowne`,Mechanical,7,15,W/B,4428
22-Apr-20,506,12:09:00 AM,Wednesday,College and Spadina,Held By,7,16,E/B,4538
22-Apr-20,510,1:00:00 AM,Wednesday,King and Spadina,Investigation,17,27,W/B,4585
22-Apr-20,306,1:52:00 AM,Wednesday,DOVERCOURT AND COLLEGE,Mechanical,9,18,W/B,4424
22-Apr-20,501,5:12:00 AM,Wednesday,Queen/Coxwell,Held By,14,21,E/B,4521
22-Apr-20,505,7:44:00 AM,Wednesday,Dundas and Parliament,Overhead - Pantograph,9,18,W/B,4564
22-Apr-20,505,8:31:00 AM,Wednesday,Gerrard and Broadview,Mechanical,1,2,E/B,4435
22-Apr-20,504,9:25:00 AM,Wednesday,Broadview station,Investigation,6,6,W/B,1108
22-Apr-20,510,10:34:00 AM,Wednesday,QueensQuay and Lower Spadina,Utilized Off Route,4,9,N/B,4577
22-Apr-20,510,10:39:00 AM,Wednesday,QueensQuay and Lower Spadina,Utilized Off Route,5,9,N/B,4467
22-Apr-20,510,10:58:00 AM,Wednesday,QueensQuay and Lower Spadina,Utilized Off Route,5,10,N/B,4477
22-Apr-20,510,11:03:00 AM,Wednesday,QueensQuay and Lower Spadina,Utilized Off Route,5,10,N/B,4588
22-Apr-20,505,11:09:00 AM,Wednesday,Gerrard and Broadview,Mechanical,1,2,E/B,4593
22-Apr-20,510,11:18:00 AM,Wednesday,QueensQuay and Lower Spadina,Utilized Off Route,4,9,N/B,4455
22-Apr-20,510,11:22:00 AM,Wednesday,QueensQuay and Lower Spadina,Utilized Off Route,4,9,N/B,4535
22-Apr-20,510,11:37:00 AM,Wednesday,QueensQuay and Lower Spadina,Utilized Off Route,5,10,N/B,4447
22-Apr-20,510,11:52:00 AM,Wednesday,QueensQuay and Lower Spadina,Utilized Off Route,5,10,N/B,4532
22-Apr-20,510,11:57:00 AM,Wednesday,QueensQuay and Lower Spadina,Utilized Off Route,5,9,N/B,4568
22-Apr-20,501,3:53:00 PM,Wednesday,Queen & Jarvis,Held By,26,33,E/B,4542
22-Apr-20,501,4:17:00 PM,Wednesday,Queen & Yonge,Diversion,117,124,B/W,4590
22-Apr-20,501,5:20:00 PM,Wednesday,Queen & Woodfield,Mechanical,7,13,W/B,4445
22-Apr-20,501,7:35:00 PM,Wednesday,Neville Loop,Emergency Services,8,15,W/B,4464
22-Apr-20,506,9:16:00 PM,Wednesday,Gerrard and Broadview,Held By,12,16,E/B,4415
22-Apr-20,505,9:16:00 PM,Wednesday,Gerrard and Broadview,Investigation,12,21,E/B,4537
22-Apr-20,501,10:00:00 PM,Wednesday,QUEEN AND JARVIS,Mechanical,5,10,E/B,4542
22-Apr-20,501,11:48:00 PM,Wednesday,Long Branch Loop,Emergency Services,6,9,E/B,4528
23-Apr-20,512,12:42:00 AM,Thursday,LESLIE AND COMMISSIONERS,Investigation,1,1,S/B,4578
23-Apr-20,510,1:00:00 AM,Thursday,Spadina and Queens Quay,Mechanical,5,10,S/B,4549
23-Apr-20,306,3:50:00 AM,Thursday,main street station,Utilized Off Route,10,20,W/B,4484
23-Apr-20,506,5:07:00 AM,Thursday,Leslie St at Queen St E,Mechanical,8,16,W/B,4440
23-Apr-20,506,5:09:00 AM,Thursday,Leslie St at Queen St E,Held By,8,9,W/B,4430
23-Apr-20,506,6:18:00 AM,Thursday,High Park Loop,Mechanical,8,16,E/B,4430
23-Apr-20,511,6:23:00 AM,Thursday,Bathurst Sation,Mechanical,5,10,S/B,1093
23-Apr-20,505,6:33:00 AM,Thursday,Gerrard and Parliament,Mechanical,1,2,E/B,4494
23-Apr-20,504,7:31:00 AM,Thursday,King/Parliament,Investigation,8,16,E/B,4435
23-Apr-20,510,9:57:00 AM,Thursday,Spadina Station,Investigation,7,11,S/B,4598
23-Apr-20,510,10:03:00 AM,Thursday,Spadina and King,Held By,1,2,N/B,4568
23-Apr-20,512,10:36:00 AM,Thursday,SCW STN,Investigation,14,21,B/W,4468
23-Apr-20,504,11:33:00 AM,Thursday,King/Jarvis,Emergency Services,42,50,B/W,4477
23-Apr-20,504,12:17:00 PM,Thursday,Distillary Loop,Investigation,24,32,E/B,4497
23-Apr-20,504,12:55:00 PM,Thursday,Dufferin and Liberty,Held By,8,16,E/B,4525
23-Apr-20,510,1:15:00 PM,Thursday,Spadina and Queens Quay,Mechanical,5,10,S/B,4562
23-Apr-20,510,1:25:00 PM,Thursday,Spadina and Queens Quay,Mechanical,5,10,S/B,4456
23-Apr-20,510,1:50:00 PM,Thursday,Spadina and Queens Quay,Mechanical,5,10,S/B,4544
23-Apr-20,505,3:52:00 PM,Thursday,Dundas and Broadview,Investigation,8,16,W/B,4559
23-Apr-20,501,4:55:00 PM,Thursday,Queen & Jarvis,Mechanical,6,13,E/B,4542
23-Apr-20,501,7:14:00 PM,Thursday,Lakeshore & Royal York,Mechanical,10,20,W/B,4599
23-Apr-20,510,11:24:00 PM,Thursday,Spadina Station,Mechanical,9,18,N/B,4455
24-Apr-20,510,4:29:00 AM,Friday,Spadina and King Street,Diversion,226,231,N/B,4548
24-Apr-20,501,10:34:00 AM,Friday,Queen/Connaught,Investigation,7,14,W/B,4476
24-Apr-20,506,11:09:00 AM,Friday,College Ossington,Mechanical,8,16,E/B,4484
24-Apr-20,501,11:34:00 AM,Friday,Queen/Greenwood,Mechanical,9,16,E/B,4500
24-Apr-20,506,3:12:00 PM,Friday,Gerrard and Parliament.,Mechanical,9,18,W/B,4424
24-Apr-20,512,4:28:00 PM,Friday,St Clair West Stn,Held By,154,159,B/W,4561
24-Apr-20,511,4:45:00 PM,Friday,Bathurst Station,Utilized Off Route,4,8,S/B,1061
24-Apr-20,511,4:50:00 PM,Friday,Bathurst Station,Utilized Off Route,4,8,S/B,1117
24-Apr-20,505,5:23:00 PM,Friday,Dundas West STN,Mechanical,8,16,E/B,4475
24-Apr-20,509,6:34:00 PM,Friday,CNE Loop,Mechanical,8,16,E/B,4419
24-Apr-20,501,6:43:00 PM,Friday,Queen & Kingston,Mechanical,8,15,W/B,4570
24-Apr-20,504,6:55:00 PM,Friday,Kind and River,Investigation,7,14,E/B,4555
24-Apr-20,505,8:23:00 PM,Friday,Broadview and Queen,Mechanical,1,1,E/B,4593
24-Apr-20,501,9:57:00 PM,Friday,Colborne Lodge/Queen,Mechanical,8,16,W/B,4590
24-Apr-20,501,10:01:00 PM,Friday,McCaul/Queen Street,Mechanical,8,16,E/B,4529
24-Apr-20,501,11:16:00 PM,Friday,HUMBER LOOP,Investigation,10,20,W/B,4445
25-Apr-20,504,12:10:00 AM,Saturday,DISTILLERY LOOP,Diversion,10,20,W/B,4545
25-Apr-20,501,1:15:00 AM,Saturday,Queen/Shaw,Investigation,10,20,W/B,4591
25-Apr-20,512,4:02:00 AM,Saturday,Leslie and Queen,Overhead - Pantograph,10,1,W/B,4438
25-Apr-20,512,5:37:00 AM,Saturday,Gunn's Loop,Mechanical,10,20,E/B,4562
25-Apr-20,504,6:05:00 AM,Saturday,Bathurst and King,Held By,26,36,W/B,4577
25-Apr-20,511,7:34:00 AM,Saturday,CNE loop,Investigation,9,18,E/B,1145
25-Apr-20,501,9:12:00 AM,Saturday,Queen and Greenwood,Investigation,10,18,E/B,4428
25-Apr-20,501,9:15:00 AM,Saturday,Neville Park Loop,Mechanical,9,18,W/B,4518
25-Apr-20,501,10:29:00 AM,Saturday,Queen and Wineva,Investigation,7,15,W/B,4590
25-Apr-20,511,10:42:00 AM,Saturday,Bathurst and Dundas,Investigation,9,18,S/B,1380
25-Apr-20,509,11:44:00 AM,Saturday,CNE Loop,Late Leaving Garage,16,16,W/B,4519
25-Apr-20,504,12:24:00 PM,Saturday,Roncesvalles garage,Late Leaving Garage,5,10,E/B,4530
25-Apr-20,501,1:11:00 PM,Saturday,Neville Park,Mechanical,6,12,W/B,4590
25-Apr-20,505,1:12:00 PM,Saturday,Dundas Broadview,Overhead - Pantograph,1,1,E/B,4520
25-Apr-20,501,3:07:00 PM,Saturday,Queen & Ossington,Diversion,25,31,W/B,4589
25-Apr-20,505,4:09:00 PM,Saturday,Dundas and Jarvis,Mechanical,8,16,E/B,4539
25-Apr-20,504,5:20:00 PM,Saturday,,Mechanical,8,16,W/B,4511
25-Apr-20,505,5:25:00 PM,Saturday,Dundas and Victoria,Mechanical,32,40,E/B,4434
25-Apr-20,505,6:10:00 PM,Saturday,Dundas at Broadview,Mechanical,15,23,E/B,4434
25-Apr-20,506,9:26:00 PM,Saturday,Carlton and Parliament,Emergency Services,9,18,S/B,4486
26-Apr-20,504,12:02:00 AM,Sunday,DISTILLERY LOOP,Investigation,1,1,N/B,4552
26-Apr-20,505,1:00:00 AM,Sunday,Parliament south of Dundas,Emergency Services,1,1,S/B,4455
26-Apr-20,306,2:27:00 AM,Sunday,LESLIE COMMISSIONERS,Investigation,1,1,S/B,4486
26-Apr-20,510,8:58:00 AM,Sunday,Leslie St at Queen St E,Mechanical,5,9,W/B,4525
26-Apr-20,509,8:59:00 AM,Sunday,Leslie St at Queen St E,Held By,12,15,W/B,4524
26-Apr-20,501,9:01:00 AM,Sunday,Humber Loop,Held By,10,12,W/B,4462
26-Apr-20,510,9:04:00 AM,Sunday,Leslie St at Queen St E,Mechanical,3,7,W/B,4521
26-Apr-20,510,9:05:00 AM,Sunday,Spadina Station,Mechanical,9,14,S/B,4546
26-Apr-20,505,9:06:00 AM,Sunday,Leslie St at Queen St E,Held By,6,12,W/B,4588
26-Apr-20,510,9:08:00 AM,Sunday,Leslie St at Queen St E,Held By,4,10,W/B,4577
26-Apr-20,504,9:09:00 AM,Sunday,Leslie St at Queen St E,Held By,5,10,W/B,4405
26-Apr-20,501,10:53:00 AM,Sunday,Humber Loop,Mechanical,10,20,W/B,4444
26-Apr-20,505,10:54:00 AM,Sunday,Bay Dundas,Mechanical,8,16,E/B,4535
26-Apr-20,505,10:56:00 AM,Sunday,Dundas West Bay St,Overhead - Pantograph,16,26,W/B,4472
26-Apr-20,506,11:37:00 AM,Sunday,College Spadina,Mechanical,1,1,E/B,4504
26-Apr-20,512,12:48:00 PM,Sunday,Gunn's Loop,Mechanical,7,15,E/B,4527
26-Apr-20,511,2:10:00 PM,Sunday,CNE Loop,Mechanical,5,10,N/B,1066
26-Apr-20,501,3:49:00 PM,Sunday,Leslie and Queen,Mechanical,7,15,E/B,4551
26-Apr-20,501,4:03:00 PM,Sunday,Queen and Pape,Held By,40,48,E/B,4518
26-Apr-20,504,6:37:00 PM,Sunday,DWS,Mechanical,9,18,S/B,4450
26-Apr-20,512,7:24:00 PM,Sunday,Landsdowne and St. Clair,Investigation,18,25,W/B,4512
26-Apr-20,505,7:54:00 PM,Sunday,Broadview and Wolfrey,Held By,6,14,S/B,4472
26-Apr-20,501,8:07:00 PM,Sunday,Strachan and Queen,Investigation,11,18,E/B,4589
27-Apr-20,501,1:19:00 AM,Monday,Kipling Loop,Mechanical,10,20,W/B,4444
27-Apr-20,504,1:27:00 AM,Monday,Queen and Leslie,Investigation,1,2,E/B,4562
27-Apr-20,304,4:24:00 AM,Monday,Broadview stn,Emergency Services,9,1,S/B,4513
27-Apr-20,505,7:02:00 AM,Monday,Dundas and Ontario,Mechanical,10,19,E/B,4555
27-Apr-20,501,7:29:00 AM,Monday,SCW Stn,Investigation,15,19,W/B,4588
27-Apr-20,501,7:44:00 AM,Monday,Queen/Kingston rd,Mechanical,8,15,E/B,4421
27-Apr-20,505,9:04:00 AM,Monday,Dundas and Broadview,Mechanical,1,2,E/B,4477
27-Apr-20,510,12:23:00 PM,Monday,Spadina Station,Mechanical,5,10,S/B,4476
27-Apr-20,511,1:18:00 PM,Monday,CNE Loop,Mechanical,4,8,E/B,1112
27-Apr-20,501,3:46:00 PM,Monday,Neville Loop,Mechanical,6,13,W/B,4541
28-Apr-20,506,12:05:00 AM,Tuesday,High Park,Mechanical,9,18,E/B,4413
28-Apr-20,509,12:31:00 AM,Tuesday,EXHIBITION LOOP,Mechanical,9,18,E/B,4505
28-Apr-20,304,3:15:00 AM,Tuesday,King and John,Emergency Services,14,29,W/B,4440
28-Apr-20,501,5:36:00 AM,Tuesday,Queen/Kingston Rd,Mechanical,9,17,E/B,4597
28-Apr-20,511,5:37:00 AM,Tuesday,Bathurst Station,Utilized Off Route,5,10,S/B,1064
28-Apr-20,505,6:16:00 AM,Tuesday,Broadview and Gerrard,Emergency Services,9,18,W/B,4438
28-Apr-20,501,6:40:00 AM,Tuesday,King/Spadina,Investigation,6,13,W/B,4540
28-Apr-20,511,6:45:00 AM,Tuesday,CNE East Loop,Mechanical,5,10,E/B,1115
28-Apr-20,510,7:19:00 AM,Tuesday,Leslie St at Queen St E,Mechanical,7,7,W/B,4481
28-Apr-20,504,7:20:00 AM,Tuesday,Leslie St and Queen St E,Held By,7,9,W/B,4519
28-Apr-20,511,7:51:00 AM,Tuesday,CNE East Loop,Mechanical,4,8,E/B,1064
28-Apr-20,512,9:14:00 AM,Tuesday,St Clair/Avenue Rd,Mechanical,4,8,W/B,4446
28-Apr-20,501,10:24:00 AM,Tuesday,Queen/Broadview,Investigation,14,21,W/B,4570
28-Apr-20,512,11:38:00 AM,Tuesday,St Clair West Stn,Mechanical,900,1,W/B,4473
28-Apr-20,511,12:08:00 PM,Tuesday,Bathurst Station,Mechanical,4,8,S/B,1035
28-Apr-20,511,12:12:00 PM,Tuesday,Bathurst Station,Utilized Off Route,4,8,S/B,1272
28-Apr-20,511,12:32:00 PM,Tuesday,Bathurst Station,Utilized Off Route,4,8,S/B,1281
28-Apr-20,512,1:13:00 PM,Tuesday,Bathurst and St Clair,Overhead - Pantograph,4,8,W/B,4447
28-Apr-20,512,1:33:00 PM,Tuesday,Bathurst and St Clair,Overhead - Pantograph,4,8,W/B,
28-Apr-20,512,1:37:00 PM,Tuesday,Bathurst and St Clsir,Overhead - Pantograph,4,8,E/B,
28-Apr-20,506,2:45:00 PM,Tuesday,Gerrard and Coxwell,Investigation,1,2,E/B,4423
28-Apr-20,505,3:00:00 PM,Tuesday,Leslie and Queen,Mechanical,1,2,W/B,4443
28-Apr-20,505,3:03:00 PM,Tuesday,Broadview Station,Mechanical,8,16,W/B,4455
28-Apr-20,512,5:25:00 PM,Tuesday,St Clair West Stn,Investigation,4,8,E/B,3150
28-Apr-20,506,6:21:00 PM,Tuesday,College and Beverley,Investigation,14,22,E/B,4483
28-Apr-20,504,9:23:00 PM,Tuesday,Roncesvalles and H.Park,Diversion,37,47,W/B,4573
28-Apr-20,505,9:23:00 PM,Tuesday,Dundas and Howard Park,Diversion,26,34,W/B,4555
28-Apr-20,501,9:49:00 PM,Tuesday,Bathurst and Queen,Investigation,8,16,N/B,3490
28-Apr-20,504,10:15:00 PM,Tuesday,Dundas West Station,Mechanical,10,20,E/B,4599
28-Apr-20,505,11:30:00 PM,Tuesday,Broadview and Dundas,Mechanical,10,20,E/B,4460
29-Apr-20,510,5:15:00 AM,Wednesday,King and Spadina,Mechanical,9,24,N/B,4578
29-Apr-20,501,7:42:00 AM,Wednesday,Queen/Coxwell,Mechanical,226,233,B/W,4541
29-Apr-20,506,7:43:00 AM,Wednesday,Queen and Coxwell,Overhead - Pantograph,94,102,E/B,4493
29-Apr-20,505,9:26:00 AM,Wednesday,Dundas and McCaul,Overhead - Pantograph,75,84,E/B,4435
29-Apr-20,511,9:41:00 AM,Wednesday,Bathurst Station,Utilized Off Route,4,8,S/B,1121
29-Apr-20,511,10:04:00 AM,Wednesday,Bathurst Station,Mechanical,4,8,S/B,1022
29-Apr-20,511,10:16:00 AM,Wednesday,Bathurst Station,Mechanical,4,8,S/B,1022
29-Apr-20,510,10:16:00 AM,Wednesday,Spadina and Queen,Mechanical,5,10,S/B,4579
29-Apr-20,501,11:06:00 AM,Wednesday,Queen/McCaul,Investigation,7,14,W/B,7914
29-Apr-20,505,11:13:00 AM,Wednesday,Dundas and College,Investigation,9,18,E/B,4480
29-Apr-20,504,12:28:00 PM,Wednesday,Dundas West Station,Mechanical,8,16,E/B,4580
29-Apr-20,504,1:21:00 PM,Wednesday,King and Niagra,Mechanical,8,16,W/B,4592
29-Apr-20,504,2:39:00 PM,Wednesday,Roncy and Queen,Mechanical,8,16,E/B,4454
29-Apr-20,509,5:58:00 PM,Wednesday,CNE,General Delay,8,16,E/B,4453
29-Apr-20,505,5:59:00 PM,Wednesday,Dundas W Station,Mechanical,8,15,E/B,4446
29-Apr-20,506,9:30:00 PM,Wednesday,Howard Park and Parkside,Investigation,27,36,E/B,4412
29-Apr-20,511,9:34:00 PM,Wednesday,BATHURST STATION,Utilized Off Route,5,10,S/B,1139
29-Apr-20,501,10:41:00 PM,Wednesday,QUEEN AND SUMACH,Investigation,10,20,E/B,4540
30-Apr-20,310,3:11:00 AM,Thursday,SPADINA STATION,Mechanical,15,30,S/B,4522
30-Apr-20,501,6:52:00 AM,Thursday,Queen/Church,Investigation,80,87,W/B,4584
30-Apr-20,505,8:37:00 AM,Thursday,Broadview Station,Mechanical,1,2,E/B,4473
30-Apr-20,509,8:54:00 AM,Thursday,Exibition Loop to FortYork Blvd.,Mechanical,1,2,E/B,4523
30-Apr-20,501,10:00:00 AM,Thursday,Neville Loop,Investigation,10,17,W/B,4550
30-Apr-20,506,12:51:00 PM,Thursday,High Park Loop,Mechanical,7,14,E/B,4400
30-Apr-20,501,1:00:00 PM,Thursday,Neville Loop,Mechanical,7,15,W/B,4463
30-Apr-20,501,4:24:00 PM,Thursday,Queen & Woodfield,Held By,17,24,E/B,4541
30-Apr-20,506,4:45:00 PM,Thursday,Gerrard and Woodbine,Held By,7,15,E/B,4495
30-Apr-20,504,4:45:00 PM,Thursday,Distilllary Loop,Investigation,7,14,W/B,4552
30-Apr-20,501,7:12:00 PM,Thursday,Humber Loop,Held By,8,15,E/B,4502
30-Apr-20,506,7:13:00 PM,Thursday,College and University,Held By,12,21,W/B,4504
30-Apr-20,501,7:21:00 PM,Thursday,Long Branch Loop,Held By,32,42,E/B,4603
30-Apr-20,501,7:46:00 PM,Thursday,Queen & Empire,Mechanical,8,15,E/B,4539
30-Apr-20,501,11:44:00 PM,Thursday,QUEEN AND MUTUAL,Investigation,9,19,W/B,4571
